Opened,Open,High,Low,Close,Volume
2019-03-11 21:32:00,54.50000000,54.53000000,54.50000000,54.52000000,26.92600000
2019-03-11 21:33:00,54.51000000,54.53000000,54.48000000,54.51000000,210.48284000
2019-03-11 21:34:00,54.51000000,54.51000000,54.44000000,54.47000000,34.46742000
2019-03-11 21:35:00,54.50000000,54.53000000,54.50000000,54.53000000,22.55037000
2019-03-11 21:36:00,54.53000000,54.53000000,54.51000000,54.51000000,6.06012000
2019-03-11 21:37:00,54.53000000,54.55000000,54.53000000,54.53000000,364.53340000
2019-03-11 21:38:00,54.55000000,54.57000000,54.52000000,54.54000000,188.99480000
2019-03-11 21:39:00,54.54000000,54.54000000,54.53000000,54.54000000,5.74694000
2019-03-11 21:40:00,54.54000000,54.57000000,54.51000000,54.51000000,175.57792000
2019-03-11 21:41:00,54.53000000,54.54000000,54.53000000,54.54000000,127.30968000
2019-03-11 21:42:00,54.55000000,54.58000000,54.51000000,54.58000000,59.83445000
2019-03-11 21:43:00,54.58000000,54.59000000,54.55000000,54.56000000,16.22380000
2019-03-11 21:44:00,54.58000000,54.59000000,54.52000000,54.57000000,127.62106000
2019-03-11 21:45:00,54.55000000,54.58000000,54.50000000,54.57000000,172.89307000
2019-03-11 21:46:00,54.57000000,54.63000000,54.56000000,54.63000000,201.80469000
2019-03-11 21:47:00,54.63000000,54.64000000,54.63000000,54.64000000,47.95416000
2019-03-11 21:48:00,54.64000000,54.67000000,54.64000000,54.64000000,27.99607000
2019-03-11 21:49:00,54.64000000,54.75000000,54.64000000,54.74000000,102.33761000
2019-03-11 21:50:00,54.72000000,54.73000000,54.71000000,54.71000000,103.88367000
2019-03-11 21:51:00,54.70000000,54.75000000,54.68000000,54.75000000,45.08358000
2019-03-11 21:52:00,54.71000000,54.78000000,54.71000000,54.71000000,166.02197000
2019-03-11 21:53:00,54.73000000,54.74000000,54.73000000,54.74000000,1.62328000
2019-03-11 21:54:00,54.74000000,54.74000000,54.72000000,54.74000000,36.08368000
2019-03-11 21:55:00,54.74000000,54.78000000,54.74000000,54.78000000,171.46348000
2019-03-11 21:56:00,54.78000000,54.80000000,54.76000000,54.76000000,74.65940000
2019-03-11 21:57:00,54.75000000,54.75000000,54.71000000,54.72000000,8.33619000
2019-03-11 21:58:00,54.73000000,54.74000000,54.72000000,54.74000000,9.47098000
2019-03-11 21:59:00,54.74000000,54.74000000,54.71000000,54.71000000,34.30295000
2019-03-11 22:00:00,54.73000000,54.79000000,54.73000000,54.78000000,218.28127000
2019-03-11 22:01:00,54.78000000,54.79000000,54.78000000,54.79000000,1.01930000
2019-03-11 22:02:00,54.78000000,54.83000000,54.78000000,54.83000000,174.00087000
2019-03-11 22:03:00,54.82000000,54.84000000,54.82000000,54.84000000,59.05563000
2019-03-11 22:04:00,54.86000000,54.95000000,54.84000000,54.95000000,358.13506000
2019-03-11 22:05:00,54.95000000,54.95000000,54.87000000,54.94000000,84.76661000
2019-03-11 22:06:00,54.94000000,54.94000000,54.94000000,54.94000000,76.58836000
2019-03-11 22:07:00,54.94000000,54.94000000,54.91000000,54.92000000,45.59008000
2019-03-11 22:08:00,54.92000000,54.92000000,54.90000000,54.91000000,5.35125000
2019-03-11 22:09:00,54.94000000,54.94000000,54.94000000,54.94000000,0.43037000
2019-03-11 22:10:00,54.94000000,54.96000000,54.94000000,54.95000000,68.65426000
2019-03-11 22:11:00,54.95000000,54.96000000,54.91000000,54.94000000,238.12764000
2019-03-11 22:12:00,54.95000000,54.96000000,54.95000000,54.96000000,37.66480000
2019-03-11 22:13:00,54.96000000,54.99000000,54.96000000,54.99000000,56.00000000
2019-03-11 22:14:00,54.96000000,54.98000000,54.95000000,54.98000000,12.98726000
2019-03-11 22:15:00,54.96000000,54.99000000,54.95000000,54.96000000,28.83245000
2019-03-11 22:16:00,54.96000000,55.00000000,54.96000000,55.00000000,139.91971000
2019-03-11 22:17:00,55.01000000,55.04000000,54.99000000,55.04000000,28.25583000
2019-03-11 22:18:00,55.04000000,55.05000000,55.04000000,55.05000000,147.89849000
2019-03-11 22:19:00,55.04000000,55.04000000,54.98000000,54.99000000,6.09621000
2019-03-11 22:20:00,54.99000000,54.99000000,54.99000000,54.99000000,0.00000000
2019-03-11 22:21:00,55.00000000,55.06000000,55.00000000,55.06000000,65.80599000
2019-03-11 22:22:00,55.02000000,55.02000000,55.00000000,55.00000000,235.97860000
2019-03-11 22:23:00,55.00000000,55.00000000,54.97000000,54.99000000,20.34297000
2019-03-11 22:24:00,55.00000000,55.03000000,55.00000000,55.03000000,18.27419000
2019-03-11 22:25:00,55.02000000,55.11000000,55.02000000,55.04000000,314.28993000
2019-03-11 22:26:00,55.09000000,55.10000000,55.07000000,55.10000000,15.68741000
2019-03-11 22:27:00,55.11000000,55.13000000,54.99000000,55.08000000,278.78758000
2019-03-11 22:28:00,55.08000000,55.11000000,55.06000000,55.09000000,181.67540000
2019-03-11 22:29:00,55.09000000,55.09000000,55.01000000,55.01000000,72.10161000
2019-03-11 22:30:00,55.02000000,55.05000000,54.97000000,54.97000000,5.24903000
2019-03-11 22:31:00,54.97000000,54.97000000,54.83000000,54.89000000,213.29499000
2019-03-11 22:32:00,54.91000000,54.98000000,54.88000000,54.95000000,162.52599000
2019-03-11 22:33:00,54.94000000,54.95000000,54.94000000,54.95000000,13.05307000
2019-03-11 22:34:00,54.92000000,54.92000000,54.89000000,54.91000000,24.69186000
2019-03-11 22:35:00,54.89000000,54.91000000,54.84000000,54.91000000,113.17566000
2019-03-11 22:36:00,54.92000000,54.95000000,54.92000000,54.93000000,66.24599000
2019-03-11 22:37:00,54.93000000,54.96000000,54.93000000,54.95000000,48.61776000
2019-03-11 22:38:00,54.94000000,54.94000000,54.90000000,54.90000000,1.90553000
2019-03-11 22:39:00,54.89000000,54.89000000,54.87000000,54.87000000,1.22745000
2019-03-11 22:40:00,54.84000000,54.84000000,54.82000000,54.82000000,8.92454000
2019-03-11 22:41:00,54.82000000,54.88000000,54.82000000,54.88000000,82.88294000
2019-03-11 22:42:00,54.88000000,54.96000000,54.84000000,54.89000000,207.74919000
2019-03-11 22:43:00,54.89000000,54.91000000,54.88000000,54.91000000,5.43608000
2019-03-11 22:44:00,54.91000000,55.02000000,54.91000000,54.99000000,210.17958000
2019-03-11 22:45:00,54.99000000,55.05000000,54.86000000,54.86000000,343.14108000
2019-03-11 22:46:00,54.86000000,54.91000000,54.85000000,54.91000000,24.23400000
2019-03-11 22:47:00,54.91000000,54.91000000,54.91000000,54.91000000,0.30900000
2019-03-11 22:48:00,54.91000000,54.97000000,54.91000000,54.96000000,2.72863000
2019-03-11 22:49:00,54.95000000,54.95000000,54.93000000,54.94000000,13.34001000
2019-03-11 22:50:00,54.97000000,54.99000000,54.95000000,54.95000000,37.56442000
2019-03-11 22:51:00,54.95000000,54.98000000,54.95000000,54.97000000,6.13300000
2019-03-11 22:52:00,54.97000000,55.00000000,54.97000000,55.00000000,0.72783000
2019-03-11 22:53:00,54.97000000,54.98000000,54.85000000,54.88000000,213.48429000
2019-03-11 22:54:00,54.89000000,54.95000000,54.89000000,54.93000000,261.27976000
2019-03-11 22:55:00,54.92000000,54.92000000,54.91000000,54.91000000,2.46357000
2019-03-11 22:56:00,54.91000000,54.91000000,54.91000000,54.91000000,0.00000000
2019-03-11 22:57:00,54.91000000,54.91000000,54.91000000,54.91000000,0.00000000
2019-03-11 22:58:00,54.90000000,54.90000000,54.89000000,54.89000000,19.81000000
2019-03-11 22:59:00,54.88000000,54.94000000,54.88000000,54.91000000,37.09036000
2019-03-11 23:00:00,54.94000000,54.94000000,54.94000000,54.94000000,0.21201000
2019-03-11 23:01:00,54.92000000,54.92000000,54.92000000,54.92000000,10.10776000
2019-03-11 23:02:00,54.93000000,54.98000000,54.93000000,54.96000000,70.76871000
2019-03-11 23:03:00,54.94000000,54.94000000,54.93000000,54.94000000,14.99054000
2019-03-11 23:04:00,54.95000000,54.95000000,54.90000000,54.90000000,34.56579000
2019-03-11 23:05:00,54.85000000,54.98000000,54.85000000,54.98000000,114.09601000
2019-03-11 23:06:00,54.99000000,55.10000000,54.97000000,55.09000000,403.36031000
2019-03-11 23:07:00,55.06000000,55.12000000,55.06000000,55.11000000,254.90641000
2019-03-11 23:08:00,55.13000000,55.14000000,55.12000000,55.14000000,119.92739000
2019-03-11 23:09:00,55.13000000,55.16000000,55.09000000,55.09000000,66.32161000
2019-03-11 23:10:00,55.09000000,55.09000000,54.95000000,54.98000000,287.08927000
2019-03-11 23:11:00,54.97000000,55.00000000,54.97000000,54.98000000,52.03616000
2019-03-11 23:12:00,54.99000000,55.06000000,54.97000000,55.06000000,140.75040000
2019-03-11 23:13:00,55.08000000,55.08000000,55.03000000,55.03000000,30.32135000
2019-03-11 23:14:00,55.04000000,55.04000000,55.01000000,55.03000000,198.20755000
2019-03-11 23:15:00,55.02000000,55.04000000,55.02000000,55.02000000,45.68414000
2019-03-11 23:16:00,55.02000000,55.03000000,54.93000000,54.93000000,50.70750000
2019-03-11 23:17:00,54.93000000,54.97000000,54.90000000,54.97000000,88.59491000
2019-03-11 23:18:00,54.99000000,55.08000000,54.99000000,55.04000000,279.42876000
2019-03-11 23:19:00,55.02000000,55.02000000,55.00000000,55.00000000,7.92724000
2019-03-11 23:20:00,55.00000000,55.00000000,55.00000000,55.00000000,0.00000000
2019-03-11 23:21:00,55.02000000,55.02000000,55.02000000,55.02000000,0.18197000
2019-03-11 23:22:00,55.02000000,55.02000000,55.01000000,55.01000000,0.44747000
2019-03-11 23:23:00,55.02000000,55.06000000,55.02000000,55.06000000,4.58798000
2019-03-11 23:24:00,55.06000000,55.06000000,55.03000000,55.06000000,2.52199000
2019-03-11 23:25:00,55.06000000,55.06000000,55.06000000,55.06000000,0.15310000
2019-03-11 23:26:00,55.02000000,55.03000000,55.00000000,55.01000000,43.98944000
2019-03-11 23:27:00,54.99000000,55.08000000,54.99000000,55.06000000,128.20405000
2019-03-11 23:28:00,55.06000000,55.08000000,55.06000000,55.08000000,210.08882000
2019-03-11 23:29:00,55.08000000,55.10000000,55.06000000,55.09000000,25.65542000
2019-03-11 23:30:00,55.08000000,55.08000000,55.08000000,55.08000000,0.36238000
2019-03-11 23:31:00,55.07000000,55.08000000,55.07000000,55.07000000,10.62600000
2019-03-11 23:32:00,55.07000000,55.07000000,55.07000000,55.07000000,40.61660000
2019-03-11 23:33:00,55.11000000,55.11000000,55.09000000,55.10000000,4.65415000
2019-03-11 23:34:00,55.10000000,55.10000000,55.05000000,55.05000000,106.50688000
2019-03-11 23:35:00,55.03000000,55.05000000,55.02000000,55.05000000,39.63280000
2019-03-11 23:36:00,55.05000000,55.05000000,55.05000000,55.05000000,0.00000000
2019-03-11 23:37:00,55.04000000,55.04000000,55.02000000,55.02000000,3.52559000
2019-03-11 23:38:00,55.00000000,55.01000000,55.00000000,55.01000000,46.59831000
2019-03-11 23:39:00,55.01000000,55.01000000,55.01000000,55.01000000,10.00000000
2019-03-11 23:40:00,55.01000000,55.01000000,54.94000000,54.94000000,49.38185000
2019-03-11 23:41:00,54.95000000,54.97000000,54.93000000,54.93000000,97.52917000
2019-03-11 23:42:00,54.95000000,54.95000000,54.88000000,54.90000000,10.93045000
2019-03-11 23:43:00,54.91000000,54.91000000,54.91000000,54.91000000,11.87000000
2019-03-11 23:44:00,54.90000000,54.91000000,54.87000000,54.88000000,21.42745000
2019-03-11 23:45:00,54.88000000,54.96000000,54.88000000,54.93000000,53.99351000
2019-03-11 23:46:00,54.96000000,54.99000000,54.96000000,54.96000000,115.46910000
2019-03-11 23:47:00,54.89000000,54.92000000,54.79000000,54.82000000,425.51896000
2019-03-11 23:48:00,54.82000000,54.82000000,54.79000000,54.79000000,178.33303000
2019-03-11 23:49:00,54.78000000,54.78000000,54.68000000,54.72000000,457.40145000
2019-03-11 23:50:00,54.72000000,54.75000000,54.69000000,54.75000000,47.13840000
2019-03-11 23:51:00,54.72000000,54.85000000,54.70000000,54.84000000,506.32329000
2019-03-11 23:52:00,54.85000000,54.86000000,54.84000000,54.85000000,3.51075000
2019-03-11 23:53:00,54.84000000,54.84000000,54.80000000,54.80000000,115.13489000
2019-03-11 23:54:00,54.78000000,54.79000000,54.71000000,54.72000000,57.94302000
2019-03-11 23:55:00,54.77000000,54.79000000,54.75000000,54.79000000,37.27101000
2019-03-11 23:56:00,54.79000000,54.79000000,54.77000000,54.79000000,52.36310000
2019-03-11 23:57:00,54.77000000,54.78000000,54.72000000,54.74000000,58.51956000
2019-03-11 23:58:00,54.74000000,54.83000000,54.74000000,54.83000000,44.45418000
2019-03-11 23:59:00,54.85000000,54.87000000,54.81000000,54.82000000,204.33729000
2019-03-12 00:00:00,54.82000000,54.85000000,54.78000000,54.82000000,59.60009000
2019-03-12 00:01:00,54.84000000,54.85000000,54.81000000,54.81000000,46.97233000
2019-03-12 00:02:00,54.80000000,54.80000000,54.77000000,54.78000000,56.66967000
2019-03-12 00:03:00,54.78000000,54.81000000,54.77000000,54.79000000,47.32455000
2019-03-12 00:04:00,54.80000000,54.89000000,54.80000000,54.89000000,99.35372000
2019-03-12 00:05:00,54.89000000,54.99000000,54.89000000,54.95000000,692.13653000
2019-03-12 00:06:00,54.95000000,54.95000000,54.89000000,54.93000000,262.18769000
2019-03-12 00:07:00,54.92000000,54.92000000,54.87000000,54.87000000,30.07314000
2019-03-12 00:08:00,54.85000000,54.85000000,54.83000000,54.85000000,11.73390000
2019-03-12 00:09:00,54.86000000,54.87000000,54.82000000,54.87000000,4.37408000
2019-03-12 00:10:00,54.85000000,54.89000000,54.85000000,54.89000000,11.79459000
2019-03-12 00:11:00,54.89000000,54.90000000,54.89000000,54.90000000,16.00429000
2019-03-12 00:12:00,54.88000000,54.88000000,54.85000000,54.85000000,110.95927000
2019-03-12 00:13:00,54.85000000,54.89000000,54.85000000,54.87000000,111.97291000
2019-03-12 00:14:00,54.87000000,54.87000000,54.87000000,54.87000000,0.00000000
2019-03-12 00:15:00,54.86000000,54.87000000,54.82000000,54.87000000,11.98484000
2019-03-12 00:16:00,54.83000000,54.84000000,54.82000000,54.84000000,2.98299000
2019-03-12 00:17:00,54.86000000,54.89000000,54.82000000,54.82000000,83.55502000
2019-03-12 00:18:00,54.84000000,54.86000000,54.81000000,54.81000000,46.10807000
2019-03-12 00:19:00,54.84000000,54.84000000,54.83000000,54.83000000,7.55700000
2019-03-12 00:20:00,54.83000000,54.83000000,54.69000000,54.77000000,523.23049000
2019-03-12 00:21:00,54.77000000,54.78000000,54.73000000,54.77000000,51.15562000
2019-03-12 00:22:00,54.76000000,54.76000000,54.72000000,54.73000000,122.18985000
2019-03-12 00:23:00,54.72000000,54.72000000,54.70000000,54.70000000,32.78506000
2019-03-12 00:24:00,54.72000000,54.72000000,54.65000000,54.66000000,184.20378000
2019-03-12 00:25:00,54.67000000,54.68000000,54.59000000,54.59000000,167.17137000
2019-03-12 00:26:00,54.60000000,54.70000000,54.57000000,54.70000000,382.63809000
2019-03-12 00:27:00,54.70000000,54.73000000,54.70000000,54.70000000,164.15586000
2019-03-12 00:28:00,54.71000000,54.71000000,54.62000000,54.62000000,109.56101000
2019-03-12 00:29:00,54.62000000,54.68000000,54.62000000,54.68000000,55.15581000
2019-03-12 00:30:00,54.65000000,54.65000000,54.63000000,54.63000000,21.62272000
2019-03-12 00:31:00,54.64000000,54.65000000,54.50000000,54.53000000,176.15494000
2019-03-12 00:32:00,54.54000000,54.58000000,54.51000000,54.58000000,211.02905000
2019-03-12 00:33:00,54.57000000,54.61000000,54.52000000,54.53000000,134.81717000
2019-03-12 00:34:00,54.51000000,54.55000000,54.40000000,54.51000000,654.11770000
2019-03-12 00:35:00,54.49000000,54.50000000,54.48000000,54.48000000,13.17985000
2019-03-12 00:36:00,54.49000000,54.52000000,54.41000000,54.51000000,64.90506000
2019-03-12 00:37:00,54.52000000,54.52000000,54.41000000,54.41000000,94.31017000
2019-03-12 00:38:00,54.42000000,54.51000000,54.39000000,54.44000000,497.66471000
2019-03-12 00:39:00,54.44000000,54.45000000,54.31000000,54.33000000,454.12170000
2019-03-12 00:40:00,54.34000000,54.44000000,54.27000000,54.41000000,328.24169000
2019-03-12 00:41:00,54.39000000,54.53000000,54.39000000,54.47000000,80.97583000
2019-03-12 00:42:00,54.47000000,54.48000000,54.42000000,54.46000000,136.34872000
2019-03-12 00:43:00,54.47000000,54.50000000,54.47000000,54.50000000,51.74290000
2019-03-12 00:44:00,54.50000000,54.58000000,54.50000000,54.55000000,273.72565000
2019-03-12 00:45:00,54.52000000,54.54000000,54.44000000,54.44000000,40.56740000
2019-03-12 00:46:00,54.43000000,54.43000000,54.35000000,54.37000000,86.75405000
2019-03-12 00:47:00,54.37000000,54.47000000,54.34000000,54.42000000,176.37126000
2019-03-12 00:48:00,54.44000000,54.49000000,54.40000000,54.40000000,54.78852000
2019-03-12 00:49:00,54.40000000,54.44000000,54.40000000,54.44000000,193.29750000
2019-03-12 00:50:00,54.45000000,54.45000000,54.35000000,54.37000000,64.92248000
2019-03-12 00:51:00,54.37000000,54.38000000,54.33000000,54.34000000,134.39212000
2019-03-12 00:52:00,54.37000000,54.37000000,54.33000000,54.33000000,72.60174000
2019-03-12 00:53:00,54.36000000,54.36000000,54.25000000,54.26000000,38.86306000
2019-03-12 00:54:00,54.25000000,54.25000000,54.25000000,54.25000000,10.00000000
2019-03-12 00:55:00,54.26000000,54.26000000,54.20000000,54.23000000,1207.46861000
2019-03-12 00:56:00,54.24000000,54.28000000,54.21000000,54.23000000,130.18352000
2019-03-12 00:57:00,54.21000000,54.23000000,54.20000000,54.22000000,29.69306000
2019-03-12 00:58:00,54.22000000,54.35000000,54.22000000,54.35000000,468.30559000
2019-03-12 00:59:00,54.36000000,54.37000000,54.31000000,54.31000000,7.39627000
2019-03-12 01:00:00,54.28000000,54.28000000,54.20000000,54.20000000,39.48764000
2019-03-12 01:01:00,54.22000000,54.23000000,54.19000000,54.21000000,129.18823000
2019-03-12 01:02:00,54.20000000,54.20000000,54.10000000,54.10000000,1424.96066000
2019-03-12 01:03:00,54.11000000,54.18000000,54.07000000,54.12000000,177.79252000
2019-03-12 01:04:00,54.13000000,54.27000000,54.11000000,54.27000000,462.23615000
2019-03-12 01:05:00,54.26000000,54.32000000,54.26000000,54.30000000,191.13643000
2019-03-12 01:06:00,54.30000000,54.30000000,54.15000000,54.16000000,144.04331000
2019-03-12 01:07:00,54.18000000,54.18000000,54.05000000,54.10000000,176.30717000
2019-03-12 01:08:00,54.10000000,54.10000000,54.00000000,54.04000000,1467.14870000
2019-03-12 01:09:00,54.02000000,54.25000000,54.00000000,54.20000000,1613.79231000
2019-03-12 01:10:00,54.20000000,54.29000000,54.10000000,54.12000000,141.72346000
2019-03-12 01:11:00,54.10000000,54.22000000,54.08000000,54.17000000,157.02779000
2019-03-12 01:12:00,54.17000000,54.19000000,54.13000000,54.13000000,31.90041000
2019-03-12 01:13:00,54.13000000,54.16000000,54.06000000,54.09000000,518.73849000
2019-03-12 01:14:00,54.12000000,54.13000000,54.09000000,54.12000000,32.38886000
2019-03-12 01:15:00,54.14000000,54.26000000,54.14000000,54.25000000,175.46185000
2019-03-12 01:16:00,54.24000000,54.29000000,54.24000000,54.28000000,198.96248000
2019-03-12 01:17:00,54.28000000,54.32000000,54.21000000,54.27000000,225.14379000
2019-03-12 01:18:00,54.29000000,54.42000000,54.27000000,54.38000000,193.63550000
2019-03-12 01:19:00,54.38000000,54.43000000,54.36000000,54.41000000,80.18826000
2019-03-12 01:20:00,54.41000000,54.41000000,54.30000000,54.30000000,156.75861000
2019-03-12 01:21:00,54.35000000,54.44000000,54.28000000,54.42000000,184.66879000
2019-03-12 01:22:00,54.43000000,54.43000000,54.36000000,54.41000000,55.83310000
2019-03-12 01:23:00,54.43000000,54.44000000,54.37000000,54.43000000,176.21244000
2019-03-12 01:24:00,54.42000000,54.47000000,54.41000000,54.43000000,62.05262000
2019-03-12 01:25:00,54.43000000,54.45000000,54.41000000,54.44000000,64.45898000
2019-03-12 01:26:00,54.43000000,54.46000000,54.36000000,54.45000000,181.00701000
2019-03-12 01:27:00,54.44000000,54.44000000,54.38000000,54.41000000,4.31744000
2019-03-12 01:28:00,54.42000000,54.46000000,54.40000000,54.46000000,1152.01203000
2019-03-12 01:29:00,54.47000000,54.47000000,54.44000000,54.44000000,39.07047000
2019-03-12 01:30:00,54.43000000,54.45000000,54.42000000,54.42000000,30.53805000
2019-03-12 01:31:00,54.42000000,54.42000000,54.37000000,54.37000000,35.12913000
2019-03-12 01:32:00,54.37000000,54.39000000,54.37000000,54.38000000,10.66708000
2019-03-12 01:33:00,54.38000000,54.41000000,54.35000000,54.37000000,184.98034000
2019-03-12 01:34:00,54.38000000,54.38000000,54.38000000,54.38000000,0.72751000
2019-03-12 01:35:00,54.38000000,54.38000000,54.35000000,54.38000000,22.51423000
2019-03-12 01:36:00,54.36000000,54.36000000,54.33000000,54.35000000,40.10386000
2019-03-12 01:37:00,54.35000000,54.36000000,54.33000000,54.33000000,36.99024000
2019-03-12 01:38:00,54.34000000,54.38000000,54.33000000,54.33000000,67.68622000
2019-03-12 01:39:00,54.34000000,54.34000000,54.28000000,54.28000000,9.09354000
2019-03-12 01:40:00,54.28000000,54.30000000,54.27000000,54.30000000,32.50792000
2019-03-12 01:41:00,54.30000000,54.30000000,54.28000000,54.28000000,177.83839000
2019-03-12 01:42:00,54.30000000,54.31000000,54.30000000,54.31000000,11.00000000
2019-03-12 01:43:00,54.26000000,54.29000000,54.26000000,54.29000000,56.00500000
2019-03-12 01:44:00,54.25000000,54.28000000,54.22000000,54.27000000,140.64453000
2019-03-12 01:45:00,54.27000000,54.35000000,54.27000000,54.35000000,262.55680000
2019-03-12 01:46:00,54.35000000,54.35000000,54.31000000,54.35000000,4.13958000
2019-03-12 01:47:00,54.35000000,54.35000000,54.35000000,54.35000000,176.71575000
2019-03-12 01:48:00,54.35000000,54.35000000,54.32000000,54.32000000,145.76055000
2019-03-12 01:49:00,54.34000000,54.36000000,54.28000000,54.28000000,388.02645000
2019-03-12 01:50:00,54.28000000,54.28000000,54.22000000,54.23000000,160.15219000
2019-03-12 01:51:00,54.22000000,54.39000000,54.20000000,54.39000000,351.82075000
2019-03-12 01:52:00,54.30000000,54.31000000,54.30000000,54.31000000,8.79528000
2019-03-12 01:53:00,54.26000000,54.28000000,54.21000000,54.28000000,379.38300000
2019-03-12 01:54:00,54.29000000,54.30000000,54.29000000,54.30000000,36.43146000
2019-03-12 01:55:00,54.28000000,54.28000000,54.24000000,54.24000000,147.73180000
2019-03-12 01:56:00,54.23000000,54.33000000,54.22000000,54.26000000,203.08345000
2019-03-12 01:57:00,54.24000000,54.24000000,54.24000000,54.24000000,1.16526000
2019-03-12 01:58:00,54.24000000,54.24000000,54.24000000,54.24000000,6.04773000
2019-03-12 01:59:00,54.24000000,54.24000000,54.24000000,54.24000000,0.00000000
2019-03-12 08:00:00,54.24000000,54.36000000,53.72000000,53.88000000,2022.71577000
2019-03-12 08:01:00,53.93000000,54.30000000,53.84000000,54.17000000,588.99515000
2019-03-12 08:02:00,54.05000000,54.42000000,54.03000000,54.30000000,948.81576000
2019-03-12 08:03:00,54.30000000,54.63000000,54.21000000,54.63000000,1372.71947000
2019-03-12 08:04:00,54.63000000,54.78000000,54.63000000,54.71000000,688.92457000
2019-03-12 08:05:00,54.77000000,55.45000000,54.77000000,55.44000000,1217.95652000
2019-03-12 08:06:00,55.38000000,55.75000000,55.27000000,55.45000000,870.24332000
2019-03-12 08:07:00,55.47000000,55.74000000,55.11000000,55.34000000,1109.32636000
2019-03-12 08:08:00,55.22000000,55.68000000,55.21000000,55.58000000,1082.77282000
2019-03-12 08:09:00,55.54000000,55.75000000,55.40000000,55.72000000,1006.11451000
2019-03-12 08:10:00,55.66000000,56.25000000,55.65000000,56.07000000,2647.69539000
2019-03-12 08:11:00,56.06000000,56.10000000,55.57000000,55.80000000,1039.43204000
2019-03-12 08:12:00,55.80000000,56.25000000,55.51000000,55.62000000,933.89652000
2019-03-12 08:13:00,55.63000000,55.71000000,55.55000000,55.70000000,247.62255000
2019-03-12 08:14:00,55.70000000,55.98000000,55.66000000,55.76000000,797.90334000
2019-03-12 08:15:00,55.76000000,56.10000000,55.76000000,56.00000000,1180.61535000
2019-03-12 08:16:00,56.01000000,56.09000000,56.00000000,56.03000000,327.84723000
2019-03-12 08:17:00,56.08000000,56.08000000,55.80000000,55.85000000,1025.60628000
2019-03-12 08:18:00,55.91000000,55.92000000,55.86000000,55.87000000,89.19567000
2019-03-12 08:19:00,55.91000000,55.96000000,55.86000000,55.86000000,775.27143000
2019-03-12 08:20:00,55.87000000,56.03000000,55.85000000,56.01000000,128.72892000
2019-03-12 08:21:00,56.06000000,56.13000000,55.91000000,56.13000000,501.96017000
2019-03-12 08:22:00,56.17000000,56.24000000,56.11000000,56.11000000,152.88149000
2019-03-12 08:23:00,56.16000000,56.35000000,56.11000000,56.21000000,799.65677000
2019-03-12 08:24:00,56.21000000,56.26000000,56.21000000,56.26000000,178.67870000
2019-03-12 08:25:00,56.26000000,56.32000000,56.10000000,56.14000000,858.24578000
2019-03-12 08:26:00,56.13000000,56.18000000,56.05000000,56.15000000,157.12874000
2019-03-12 08:27:00,56.13000000,56.18000000,56.10000000,56.18000000,59.81053000
2019-03-12 08:28:00,56.09000000,56.18000000,56.01000000,56.11000000,268.19329000
2019-03-12 08:29:00,56.07000000,56.12000000,56.00000000,56.02000000,335.13576000
2019-03-12 08:30:00,56.09000000,56.20000000,56.02000000,56.08000000,414.41049000
2019-03-12 08:31:00,56.07000000,56.09000000,56.03000000,56.09000000,107.57197000
2019-03-12 08:32:00,56.09000000,56.09000000,55.92000000,55.97000000,752.84380000
2019-03-12 08:33:00,55.92000000,55.98000000,55.83000000,55.85000000,355.45283000
2019-03-12 08:34:00,55.85000000,55.85000000,55.70000000,55.75000000,578.22341000
2019-03-12 08:35:00,55.75000000,55.90000000,55.75000000,55.90000000,129.50365000
2019-03-12 08:36:00,55.90000000,56.00000000,55.88000000,56.00000000,125.99220000
2019-03-12 08:37:00,55.95000000,56.00000000,55.86000000,55.86000000,61.40222000
2019-03-12 08:38:00,55.85000000,55.86000000,55.78000000,55.84000000,128.38073000
2019-03-12 08:39:00,55.84000000,55.92000000,55.84000000,55.91000000,37.10825000
2019-03-12 08:40:00,55.88000000,55.88000000,55.84000000,55.86000000,66.32420000
2019-03-12 08:41:00,55.85000000,55.87000000,55.83000000,55.84000000,38.91538000
2019-03-12 08:42:00,55.82000000,56.00000000,55.82000000,55.99000000,156.29419000
2019-03-12 08:43:00,55.93000000,55.95000000,55.89000000,55.93000000,44.22616000
2019-03-12 08:44:00,55.95000000,55.96000000,55.89000000,55.92000000,26.12995000
2019-03-12 08:45:00,55.92000000,55.93000000,55.88000000,55.88000000,25.66589000
2019-03-12 08:46:00,55.92000000,55.92000000,55.87000000,55.87000000,19.02405000
2019-03-12 08:47:00,55.89000000,55.93000000,55.86000000,55.86000000,111.14868000
2019-03-12 08:48:00,55.84000000,55.88000000,55.84000000,55.85000000,78.05914000
2019-03-12 08:49:00,55.84000000,55.89000000,55.84000000,55.89000000,22.60849000
2019-03-12 08:50:00,55.89000000,55.93000000,55.89000000,55.90000000,92.42194000
2019-03-12 08:51:00,55.89000000,55.93000000,55.89000000,55.92000000,30.19001000
2019-03-12 08:52:00,55.92000000,55.96000000,55.92000000,55.92000000,183.56753000
2019-03-12 08:53:00,55.95000000,55.96000000,55.93000000,55.96000000,21.46235000
2019-03-12 08:54:00,55.96000000,55.97000000,55.92000000,55.97000000,159.59587000
2019-03-12 08:55:00,55.97000000,56.00000000,55.97000000,56.00000000,123.15119000
2019-03-12 08:56:00,56.04000000,56.08000000,55.98000000,56.08000000,112.54615000
2019-03-12 08:57:00,56.08000000,56.09000000,56.06000000,56.08000000,92.25774000
2019-03-12 08:58:00,56.05000000,56.15000000,56.05000000,56.09000000,243.49184000
2019-03-12 08:59:00,56.08000000,56.09000000,55.92000000,56.02000000,474.72934000
2019-03-12 09:00:00,56.03000000,56.15000000,56.03000000,56.12000000,305.09670000
2019-03-12 09:01:00,56.11000000,56.13000000,56.11000000,56.13000000,31.86501000
2019-03-12 09:02:00,56.11000000,56.19000000,56.11000000,56.16000000,240.65344000
2019-03-12 09:03:00,56.19000000,56.25000000,56.18000000,56.25000000,171.88321000
2019-03-12 09:04:00,56.25000000,56.25000000,56.13000000,56.14000000,25.02616000
2019-03-12 09:05:00,56.11000000,56.11000000,55.97000000,56.01000000,112.71612000
2019-03-12 09:06:00,56.06000000,56.13000000,56.01000000,56.13000000,216.94649000
2019-03-12 09:07:00,56.07000000,56.07000000,56.01000000,56.01000000,124.16454000
2019-03-12 09:08:00,56.01000000,56.04000000,55.93000000,55.93000000,86.52091000
2019-03-12 09:09:00,55.98000000,55.98000000,55.95000000,55.98000000,30.45292000
2019-03-12 09:10:00,55.97000000,55.97000000,55.88000000,55.91000000,126.73907000
2019-03-12 09:11:00,55.91000000,55.94000000,55.88000000,55.90000000,113.13640000
2019-03-12 09:12:00,55.90000000,55.93000000,55.89000000,55.90000000,489.56921000
2019-03-12 09:13:00,55.90000000,55.90000000,55.88000000,55.88000000,738.62451000
2019-03-12 09:14:00,55.88000000,55.89000000,55.76000000,55.77000000,291.32830000
2019-03-12 09:15:00,55.83000000,55.85000000,55.77000000,55.79000000,104.83152000
2019-03-12 09:16:00,55.83000000,55.99000000,55.83000000,55.99000000,274.15462000
2019-03-12 09:17:00,55.94000000,55.94000000,55.93000000,55.93000000,32.08513000
2019-03-12 09:18:00,55.93000000,55.93000000,55.89000000,55.93000000,18.18665000
2019-03-12 09:19:00,55.93000000,56.01000000,55.93000000,56.01000000,284.09723000
2019-03-12 09:20:00,56.01000000,56.18000000,56.01000000,56.15000000,289.50248000
2019-03-12 09:21:00,56.15000000,56.20000000,56.14000000,56.17000000,55.95873000
2019-03-12 09:22:00,56.17000000,56.17000000,56.11000000,56.11000000,16.40819000
2019-03-12 09:23:00,56.11000000,56.13000000,56.06000000,56.10000000,104.16989000
2019-03-12 09:24:00,56.17000000,56.22000000,56.17000000,56.20000000,369.70933000
2019-03-12 09:25:00,56.18000000,56.23000000,56.18000000,56.23000000,181.27147000
2019-03-12 09:26:00,56.23000000,56.27000000,56.23000000,56.26000000,270.19085000
2019-03-12 09:27:00,56.26000000,56.67000000,56.26000000,56.50000000,2312.60402000
2019-03-12 09:28:00,56.50000000,56.64000000,56.42000000,56.57000000,1018.56812000
2019-03-12 09:29:00,56.57000000,56.68000000,56.56000000,56.62000000,536.95560000
2019-03-12 09:30:00,56.60000000,56.81000000,56.51000000,56.74000000,1189.90554000
2019-03-12 09:31:00,56.69000000,56.76000000,56.46000000,56.53000000,1187.09676000
2019-03-12 09:32:00,56.58000000,56.62000000,56.58000000,56.60000000,1379.77290000
2019-03-12 09:33:00,56.60000000,56.60000000,56.50000000,56.50000000,368.93661000
2019-03-12 09:34:00,56.51000000,56.53000000,56.42000000,56.47000000,162.04397000
2019-03-12 09:35:00,56.47000000,56.48000000,56.42000000,56.42000000,253.09480000
2019-03-12 09:36:00,56.43000000,56.43000000,56.39000000,56.39000000,632.17071000
2019-03-12 09:37:00,56.40000000,56.41000000,56.40000000,56.41000000,146.32047000
2019-03-12 09:38:00,56.45000000,56.51000000,56.40000000,56.45000000,331.25451000
2019-03-12 09:39:00,56.41000000,56.41000000,56.36000000,56.36000000,76.56160000
2019-03-12 09:40:00,56.38000000,56.42000000,56.35000000,56.42000000,469.76352000
2019-03-12 09:41:00,56.42000000,56.58000000,56.41000000,56.54000000,112.41563000
2019-03-12 09:42:00,56.54000000,56.54000000,56.43000000,56.43000000,61.71007000
2019-03-12 09:43:00,56.43000000,56.43000000,56.38000000,56.41000000,79.61844000
2019-03-12 09:44:00,56.41000000,56.43000000,56.39000000,56.43000000,24.05670000
2019-03-12 09:45:00,56.43000000,56.48000000,56.43000000,56.45000000,156.34408000
2019-03-12 09:46:00,56.45000000,56.46000000,56.40000000,56.40000000,58.75969000
2019-03-12 09:47:00,56.40000000,56.41000000,56.35000000,56.35000000,31.34104000
2019-03-12 09:48:00,56.33000000,56.33000000,56.30000000,56.30000000,42.23928000
2019-03-12 09:49:00,56.30000000,56.41000000,56.22000000,56.30000000,880.31198000
2019-03-12 09:50:00,56.29000000,56.34000000,56.29000000,56.34000000,159.11308000
2019-03-12 09:51:00,56.34000000,56.34000000,56.30000000,56.33000000,47.15701000
2019-03-12 09:52:00,56.30000000,56.34000000,56.30000000,56.30000000,151.21995000
2019-03-12 09:53:00,56.35000000,56.35000000,56.30000000,56.30000000,49.16576000
2019-03-12 09:54:00,56.30000000,56.34000000,56.30000000,56.34000000,18.86000000
2019-03-12 09:55:00,56.32000000,56.33000000,56.30000000,56.33000000,37.16654000
2019-03-12 09:56:00,56.33000000,56.42000000,56.32000000,56.42000000,161.03151000
2019-03-12 09:57:00,56.42000000,56.45000000,56.41000000,56.45000000,22.34621000
2019-03-12 09:58:00,56.45000000,56.45000000,56.41000000,56.41000000,28.73115000
2019-03-12 09:59:00,56.45000000,56.47000000,56.43000000,56.46000000,31.46995000
2019-03-12 10:00:00,56.51000000,56.66000000,56.51000000,56.59000000,349.99333000
2019-03-12 10:01:00,56.60000000,56.67000000,56.56000000,56.58000000,385.70940000
2019-03-12 10:02:00,56.56000000,56.60000000,56.52000000,56.53000000,244.51503000
2019-03-12 10:03:00,56.54000000,56.56000000,56.46000000,56.48000000,203.20299000
2019-03-12 10:04:00,56.47000000,56.56000000,56.46000000,56.56000000,51.15234000
2019-03-12 10:05:00,56.54000000,56.59000000,56.49000000,56.53000000,141.26971000
2019-03-12 10:06:00,56.59000000,56.59000000,56.59000000,56.59000000,30.11884000
2019-03-12 10:07:00,56.60000000,56.74000000,56.59000000,56.68000000,140.62439000
2019-03-12 10:08:00,56.68000000,56.70000000,56.59000000,56.68000000,118.09296000
2019-03-12 10:09:00,56.68000000,56.70000000,56.68000000,56.70000000,755.99592000
2019-03-12 10:10:00,56.70000000,56.70000000,56.70000000,56.70000000,471.01810000
2019-03-12 10:11:00,56.70000000,56.75000000,56.69000000,56.74000000,224.24572000
2019-03-12 10:12:00,56.75000000,56.84000000,56.71000000,56.77000000,371.75830000
2019-03-12 10:13:00,56.79000000,56.88000000,56.79000000,56.82000000,206.29639000
2019-03-12 10:14:00,56.82000000,56.95000000,56.81000000,56.89000000,382.35569000
2019-03-12 10:15:00,56.89000000,56.90000000,56.80000000,56.83000000,194.75118000
2019-03-12 10:16:00,56.90000000,56.90000000,56.79000000,56.89000000,319.40099000
2019-03-12 10:17:00,56.88000000,56.88000000,56.76000000,56.77000000,303.53477000
2019-03-12 10:18:00,56.79000000,56.81000000,56.76000000,56.80000000,127.30755000
2019-03-12 10:19:00,56.82000000,56.82000000,56.75000000,56.82000000,61.30765000
2019-03-12 10:20:00,56.82000000,56.82000000,56.76000000,56.76000000,92.51595000
2019-03-12 10:21:00,56.81000000,56.81000000,56.76000000,56.76000000,22.51032000
2019-03-12 10:22:00,56.78000000,56.82000000,56.78000000,56.82000000,164.61113000
2019-03-12 10:23:00,56.80000000,56.87000000,56.80000000,56.86000000,145.68341000
2019-03-12 10:24:00,56.83000000,56.84000000,56.76000000,56.81000000,272.28232000
2019-03-12 10:25:00,56.81000000,56.87000000,56.79000000,56.86000000,213.46315000
2019-03-12 10:26:00,56.86000000,56.92000000,56.85000000,56.89000000,808.12716000
2019-03-12 10:27:00,56.92000000,56.92000000,56.78000000,56.86000000,329.06907000
2019-03-12 10:28:00,56.86000000,56.90000000,56.82000000,56.89000000,156.65710000
2019-03-12 10:29:00,56.83000000,56.89000000,56.72000000,56.76000000,905.35203000
2019-03-12 10:30:00,56.78000000,56.81000000,56.71000000,56.76000000,1319.95016000
2019-03-12 10:31:00,56.73000000,56.78000000,56.60000000,56.65000000,1123.61716000
2019-03-12 10:32:00,56.61000000,56.65000000,56.60000000,56.65000000,214.02802000
2019-03-12 10:33:00,56.67000000,56.68000000,56.59000000,56.59000000,399.07235000
2019-03-12 10:34:00,56.59000000,56.63000000,56.52000000,56.53000000,172.59058000
2019-03-12 10:35:00,56.52000000,56.58000000,56.45000000,56.51000000,598.46925000
2019-03-12 10:36:00,56.53000000,56.62000000,56.53000000,56.56000000,153.03843000
2019-03-12 10:37:00,56.51000000,56.55000000,56.51000000,56.54000000,56.63681000
2019-03-12 10:38:00,56.58000000,56.58000000,56.52000000,56.56000000,58.58255000
2019-03-12 10:39:00,56.57000000,56.57000000,56.52000000,56.52000000,11.57711000
2019-03-12 10:40:00,56.54000000,56.54000000,56.50000000,56.53000000,59.12039000
2019-03-12 10:41:00,56.50000000,56.53000000,56.45000000,56.47000000,169.72473000
2019-03-12 10:42:00,56.47000000,56.52000000,56.47000000,56.48000000,16.93972000
2019-03-12 10:43:00,56.48000000,56.52000000,56.48000000,56.49000000,115.21409000
2019-03-12 10:44:00,56.48000000,56.49000000,56.45000000,56.46000000,106.59335000
2019-03-12 10:45:00,56.46000000,56.50000000,56.45000000,56.45000000,642.36334000
2019-03-12 10:46:00,56.45000000,56.46000000,56.43000000,56.45000000,144.68123000
2019-03-12 10:47:00,56.42000000,56.42000000,56.40000000,56.42000000,200.99933000
2019-03-12 10:48:00,56.42000000,56.45000000,56.42000000,56.45000000,6.18912000
2019-03-12 10:49:00,56.45000000,56.45000000,56.41000000,56.45000000,712.48318000
2019-03-12 10:50:00,56.44000000,56.49000000,56.41000000,56.45000000,560.50196000
2019-03-12 10:51:00,56.45000000,56.50000000,56.45000000,56.50000000,48.54567000
2019-03-12 10:52:00,56.47000000,56.53000000,56.47000000,56.53000000,131.40732000
2019-03-12 10:53:00,56.53000000,56.55000000,56.50000000,56.54000000,223.30944000
2019-03-12 10:54:00,56.54000000,56.55000000,56.50000000,56.55000000,23.94503000
2019-03-12 10:55:00,56.55000000,56.57000000,56.55000000,56.55000000,36.03344000
2019-03-12 10:56:00,56.53000000,56.55000000,56.53000000,56.55000000,22.30669000
2019-03-12 10:57:00,56.51000000,56.52000000,56.48000000,56.51000000,58.29000000
2019-03-12 10:58:00,56.48000000,56.54000000,56.48000000,56.54000000,22.75616000
2019-03-12 10:59:00,56.50000000,56.55000000,56.50000000,56.55000000,116.66228000
2019-03-12 11:00:00,56.55000000,56.62000000,56.51000000,56.62000000,258.84607000
2019-03-12 11:01:00,56.64000000,56.65000000,56.58000000,56.60000000,213.92783000
2019-03-12 11:02:00,56.59000000,56.68000000,56.59000000,56.65000000,169.41694000
2019-03-12 11:03:00,56.70000000,56.70000000,56.62000000,56.62000000,59.97344000
2019-03-12 11:04:00,56.68000000,56.68000000,56.65000000,56.68000000,69.34042000
2019-03-12 11:05:00,56.68000000,56.70000000,56.65000000,56.70000000,257.20066000
2019-03-12 11:06:00,56.73000000,56.73000000,56.70000000,56.70000000,31.52900000
2019-03-12 11:07:00,56.75000000,56.78000000,56.71000000,56.76000000,15.49062000
2019-03-12 11:08:00,56.78000000,56.85000000,56.76000000,56.79000000,176.37443000
2019-03-12 11:09:00,56.80000000,56.81000000,56.80000000,56.80000000,112.27602000
2019-03-12 11:10:00,56.80000000,56.81000000,56.65000000,56.74000000,819.60306000
2019-03-12 11:11:00,56.74000000,56.74000000,56.70000000,56.71000000,123.16839000
2019-03-12 11:12:00,56.71000000,56.71000000,56.61000000,56.61000000,250.70348000
2019-03-12 11:13:00,56.61000000,56.67000000,56.60000000,56.60000000,139.32691000
2019-03-12 11:14:00,56.63000000,56.63000000,56.53000000,56.54000000,1437.70550000
2019-03-12 11:15:00,56.54000000,56.61000000,56.54000000,56.55000000,184.88476000
2019-03-12 11:16:00,56.54000000,56.55000000,56.53000000,56.53000000,112.83952000
2019-03-12 11:17:00,56.54000000,56.55000000,56.47000000,56.53000000,81.06912000
2019-03-12 11:18:00,56.53000000,56.53000000,56.47000000,56.52000000,48.86183000
2019-03-12 11:19:00,56.48000000,56.52000000,56.48000000,56.48000000,33.19743000
2019-03-12 11:20:00,56.53000000,56.56000000,56.48000000,56.49000000,205.58650000
2019-03-12 11:21:00,56.49000000,56.52000000,56.47000000,56.48000000,163.54413000
2019-03-12 11:22:00,56.48000000,56.56000000,56.48000000,56.55000000,42.97850000
2019-03-12 11:23:00,56.53000000,56.53000000,56.51000000,56.53000000,59.19695000
2019-03-12 11:24:00,56.54000000,56.54000000,56.53000000,56.54000000,26.20789000
2019-03-12 11:25:00,56.55000000,56.65000000,56.54000000,56.64000000,337.41947000
2019-03-12 11:26:00,56.64000000,56.69000000,56.60000000,56.63000000,56.93747000
2019-03-12 11:27:00,56.65000000,56.68000000,56.64000000,56.66000000,14.86814000
2019-03-12 11:28:00,56.65000000,56.67000000,56.60000000,56.66000000,98.89433000
2019-03-12 11:29:00,56.66000000,56.71000000,56.62000000,56.64000000,156.37020000
2019-03-12 11:30:00,56.64000000,56.65000000,56.60000000,56.60000000,88.79615000
2019-03-12 11:31:00,56.61000000,56.68000000,56.61000000,56.65000000,278.14299000
2019-03-12 11:32:00,56.66000000,56.69000000,56.66000000,56.69000000,19.71903000
2019-03-12 11:33:00,56.68000000,56.74000000,56.65000000,56.71000000,259.18232000
2019-03-12 11:34:00,56.71000000,56.75000000,56.71000000,56.73000000,66.91481000
2019-03-12 11:35:00,56.73000000,56.75000000,56.70000000,56.74000000,193.12199000
2019-03-12 11:36:00,56.75000000,56.80000000,56.74000000,56.80000000,138.20107000
2019-03-12 11:37:00,56.79000000,56.79000000,56.76000000,56.76000000,30.69479000
2019-03-12 11:38:00,56.75000000,56.75000000,56.70000000,56.73000000,151.01302000
2019-03-12 11:39:00,56.72000000,56.79000000,56.70000000,56.78000000,63.12361000
2019-03-12 11:40:00,56.77000000,56.77000000,56.73000000,56.73000000,217.64633000
2019-03-12 11:41:00,56.73000000,56.76000000,56.73000000,56.76000000,2.24732000
2019-03-12 11:42:00,56.77000000,56.77000000,56.66000000,56.67000000,154.36075000
2019-03-12 11:43:00,56.67000000,56.67000000,56.60000000,56.60000000,106.76600000
2019-03-12 11:44:00,56.60000000,56.60000000,56.55000000,56.55000000,90.69803000
2019-03-12 11:45:00,56.55000000,56.57000000,56.55000000,56.55000000,184.99535000
2019-03-12 11:46:00,56.56000000,56.57000000,56.54000000,56.57000000,48.87754000
2019-03-12 11:47:00,56.57000000,56.62000000,56.57000000,56.58000000,142.23148000
2019-03-12 11:48:00,56.59000000,56.64000000,56.59000000,56.62000000,119.16261000
2019-03-12 11:49:00,56.63000000,56.68000000,56.61000000,56.66000000,63.53500000
2019-03-12 11:50:00,56.67000000,56.69000000,56.65000000,56.65000000,315.31794000
2019-03-12 11:51:00,56.66000000,56.66000000,56.65000000,56.65000000,9.91670000
2019-03-12 11:52:00,56.65000000,56.65000000,56.59000000,56.59000000,23.43375000
2019-03-12 11:53:00,56.61000000,56.61000000,56.59000000,56.59000000,43.70889000
2019-03-12 11:54:00,56.59000000,56.64000000,56.59000000,56.63000000,17.27536000
2019-03-12 11:55:00,56.60000000,56.62000000,56.60000000,56.61000000,19.12966000
2019-03-12 11:56:00,56.59000000,56.59000000,56.54000000,56.54000000,238.13312000
2019-03-12 11:57:00,56.54000000,56.54000000,56.49000000,56.49000000,22.19136000
2019-03-12 11:58:00,56.51000000,56.51000000,56.48000000,56.49000000,142.35285000
2019-03-12 11:59:00,56.48000000,56.48000000,56.45000000,56.48000000,23.20240000
2019-03-12 12:00:00,56.48000000,56.51000000,56.48000000,56.51000000,149.62621000
2019-03-12 12:01:00,56.51000000,56.52000000,56.51000000,56.51000000,20.32372000
2019-03-12 12:02:00,56.51000000,56.52000000,56.51000000,56.52000000,53.13806000
2019-03-12 12:03:00,56.58000000,56.62000000,56.52000000,56.52000000,132.35010000
2019-03-12 12:04:00,56.52000000,56.52000000,56.52000000,56.52000000,0.00000000
2019-03-12 12:05:00,56.55000000,56.62000000,56.53000000,56.62000000,301.44994000
2019-03-12 12:06:00,56.60000000,56.64000000,56.60000000,56.64000000,7.93351000
2019-03-12 12:07:00,56.61000000,56.65000000,56.61000000,56.65000000,177.85547000
2019-03-12 12:08:00,56.66000000,56.66000000,56.65000000,56.65000000,30.23943000
2019-03-12 12:09:00,56.64000000,56.64000000,56.60000000,56.60000000,2.11838000
2019-03-12 12:10:00,56.59000000,56.60000000,56.55000000,56.55000000,9.39799000
2019-03-12 12:11:00,56.56000000,56.64000000,56.56000000,56.62000000,139.59277000
2019-03-12 12:12:00,56.62000000,56.70000000,56.61000000,56.68000000,314.40954000
2019-03-12 12:13:00,56.67000000,56.75000000,56.65000000,56.67000000,357.08920000
2019-03-12 12:14:00,56.72000000,56.73000000,56.68000000,56.68000000,76.37442000
2019-03-12 12:15:00,56.69000000,56.69000000,56.69000000,56.69000000,8.75968000
2019-03-12 12:16:00,56.69000000,56.77000000,56.69000000,56.76000000,405.15448000
2019-03-12 12:17:00,56.77000000,56.82000000,56.76000000,56.81000000,233.13549000
2019-03-12 12:18:00,56.80000000,56.83000000,56.77000000,56.77000000,107.89687000
2019-03-12 12:19:00,56.77000000,56.77000000,56.73000000,56.73000000,81.07886000
2019-03-12 12:20:00,56.73000000,56.77000000,56.73000000,56.77000000,19.79596000
2019-03-12 12:21:00,56.74000000,56.77000000,56.73000000,56.76000000,69.87806000
2019-03-12 12:22:00,56.76000000,56.77000000,56.75000000,56.75000000,14.21712000
2019-03-12 12:23:00,56.75000000,56.80000000,56.75000000,56.80000000,257.46786000
2019-03-12 12:24:00,56.78000000,56.80000000,56.78000000,56.80000000,77.87229000
2019-03-12 12:25:00,56.79000000,56.80000000,56.77000000,56.77000000,141.28254000
2019-03-12 12:26:00,56.78000000,56.81000000,56.75000000,56.78000000,170.56087000
2019-03-12 12:27:00,56.78000000,56.80000000,56.77000000,56.77000000,14.55535000
2019-03-12 12:28:00,56.79000000,56.80000000,56.77000000,56.80000000,58.83832000
2019-03-12 12:29:00,56.79000000,56.80000000,56.76000000,56.76000000,235.25989000
2019-03-12 12:30:00,56.76000000,56.89000000,56.76000000,56.89000000,276.19786000
2019-03-12 12:31:00,56.88000000,56.88000000,56.82000000,56.82000000,42.41385000
2019-03-12 12:32:00,56.81000000,56.84000000,56.80000000,56.82000000,83.73994000
2019-03-12 12:33:00,56.81000000,56.81000000,56.79000000,56.79000000,48.93545000
2019-03-12 12:34:00,56.78000000,56.78000000,56.74000000,56.76000000,53.66374000
2019-03-12 12:35:00,56.76000000,56.86000000,56.76000000,56.77000000,939.48705000
2019-03-12 12:36:00,56.81000000,56.82000000,56.76000000,56.82000000,25.04851000
2019-03-12 12:37:00,56.79000000,56.84000000,56.79000000,56.81000000,38.39472000
2019-03-12 12:38:00,56.81000000,56.83000000,56.80000000,56.83000000,52.65523000
2019-03-12 12:39:00,56.82000000,56.82000000,56.77000000,56.77000000,101.49016000
2019-03-12 12:40:00,56.77000000,56.81000000,56.71000000,56.72000000,180.12149000
2019-03-12 12:41:00,56.70000000,56.76000000,56.70000000,56.74000000,20.13882000
2019-03-12 12:42:00,56.73000000,56.76000000,56.71000000,56.76000000,59.48310000
2019-03-12 12:43:00,56.76000000,56.82000000,56.73000000,56.74000000,272.93403000
2019-03-12 12:44:00,56.74000000,56.83000000,56.74000000,56.76000000,410.46443000
2019-03-12 12:45:00,56.76000000,56.77000000,56.74000000,56.76000000,61.30520000
2019-03-12 12:46:00,56.76000000,56.78000000,56.76000000,56.78000000,118.84423000
2019-03-12 12:47:00,56.79000000,56.80000000,56.79000000,56.80000000,72.28076000
2019-03-12 12:48:00,56.77000000,56.81000000,56.77000000,56.81000000,36.52089000
2019-03-12 12:49:00,56.78000000,56.78000000,56.74000000,56.74000000,136.06882000
2019-03-12 12:50:00,56.77000000,56.77000000,56.77000000,56.77000000,14.62465000
2019-03-12 12:51:00,56.76000000,56.76000000,56.74000000,56.75000000,28.43404000
2019-03-12 12:52:00,56.76000000,56.76000000,56.69000000,56.72000000,752.40270000
2019-03-12 12:53:00,56.74000000,56.78000000,56.74000000,56.74000000,13.95875000
2019-03-12 12:54:00,56.75000000,56.78000000,56.74000000,56.77000000,23.94028000
2019-03-12 12:55:00,56.76000000,56.78000000,56.73000000,56.78000000,39.95583000
2019-03-12 12:56:00,56.76000000,56.78000000,56.73000000,56.78000000,110.23958000
2019-03-12 12:57:00,56.79000000,56.79000000,56.73000000,56.77000000,110.26013000
2019-03-12 12:58:00,56.78000000,56.80000000,56.78000000,56.80000000,48.21813000
2019-03-12 12:59:00,56.81000000,56.82000000,56.78000000,56.79000000,45.91581000
2019-03-12 13:00:00,56.78000000,56.88000000,56.77000000,56.82000000,118.89560000
2019-03-12 13:01:00,56.81000000,56.81000000,56.79000000,56.80000000,10.07737000
2019-03-12 13:02:00,56.81000000,56.83000000,56.80000000,56.83000000,102.23255000
2019-03-12 13:03:00,56.87000000,56.88000000,56.83000000,56.86000000,68.93890000
2019-03-12 13:04:00,56.86000000,56.93000000,56.84000000,56.93000000,319.09578000
2019-03-12 13:05:00,56.93000000,56.93000000,56.83000000,56.86000000,843.47407000
2019-03-12 13:06:00,56.88000000,56.93000000,56.87000000,56.87000000,381.61203000
2019-03-12 13:07:00,56.89000000,56.96000000,56.89000000,56.94000000,297.70069000
2019-03-12 13:08:00,56.94000000,56.96000000,56.94000000,56.94000000,223.91610000
2019-03-12 13:09:00,56.94000000,56.95000000,56.90000000,56.93000000,56.26396000
2019-03-12 13:10:00,56.94000000,56.94000000,56.89000000,56.90000000,97.12991000
2019-03-12 13:11:00,56.88000000,56.91000000,56.80000000,56.80000000,173.98974000
2019-03-12 13:12:00,56.82000000,56.82000000,56.77000000,56.79000000,581.55075000
2019-03-12 13:13:00,56.79000000,56.86000000,56.78000000,56.80000000,229.40360000
2019-03-12 13:14:00,56.82000000,56.83000000,56.69000000,56.71000000,878.79262000
2019-03-12 13:15:00,56.71000000,56.73000000,56.69000000,56.72000000,566.04959000
2019-03-12 13:16:00,56.70000000,56.72000000,56.67000000,56.67000000,412.02916000
2019-03-12 13:17:00,56.67000000,56.69000000,56.60000000,56.62000000,827.86414000
2019-03-12 13:18:00,56.62000000,56.74000000,56.60000000,56.71000000,269.15641000
2019-03-12 13:19:00,56.69000000,56.71000000,56.65000000,56.66000000,112.75334000
2019-03-12 13:20:00,56.65000000,56.65000000,56.56000000,56.56000000,181.50167000
2019-03-12 13:21:00,56.57000000,56.60000000,56.50000000,56.54000000,784.36215000
2019-03-12 13:22:00,56.57000000,56.57000000,56.48000000,56.48000000,41.49451000
2019-03-12 13:23:00,56.50000000,56.54000000,56.40000000,56.48000000,609.53176000
2019-03-12 13:24:00,56.49000000,56.51000000,56.43000000,56.43000000,75.66117000
2019-03-12 13:25:00,56.44000000,56.44000000,56.30000000,56.32000000,590.99484000
2019-03-12 13:26:00,56.36000000,56.37000000,56.35000000,56.36000000,283.69974000
2019-03-12 13:27:00,56.35000000,56.40000000,56.23000000,56.40000000,568.67044000
2019-03-12 13:28:00,56.40000000,56.46000000,56.40000000,56.43000000,59.48591000
2019-03-12 13:29:00,56.46000000,56.51000000,56.46000000,56.48000000,577.42156000
2019-03-12 13:30:00,56.47000000,56.49000000,56.47000000,56.49000000,24.01176000
2019-03-12 13:31:00,56.57000000,56.59000000,56.53000000,56.56000000,136.42493000
2019-03-12 13:32:00,56.59000000,56.60000000,56.55000000,56.55000000,128.91969000
2019-03-12 13:33:00,56.56000000,56.57000000,56.54000000,56.55000000,6.79820000
2019-03-12 13:34:00,56.56000000,56.56000000,56.49000000,56.50000000,38.04801000
2019-03-12 13:35:00,56.50000000,56.58000000,56.49000000,56.51000000,502.46188000
2019-03-12 13:36:00,56.50000000,56.51000000,56.45000000,56.47000000,44.27942000
2019-03-12 13:37:00,56.47000000,56.47000000,56.40000000,56.41000000,699.77128000
2019-03-12 13:38:00,56.43000000,56.48000000,56.43000000,56.47000000,19.97288000
2019-03-12 13:39:00,56.47000000,56.50000000,56.43000000,56.46000000,207.49924000
2019-03-12 13:40:00,56.47000000,56.48000000,56.45000000,56.48000000,2.73809000
2019-03-12 13:41:00,56.48000000,56.51000000,56.48000000,56.48000000,12.24483000
2019-03-12 13:42:00,56.48000000,56.49000000,56.48000000,56.49000000,8.23500000
2019-03-12 13:43:00,56.48000000,56.48000000,56.40000000,56.40000000,143.00239000
2019-03-12 13:44:00,56.44000000,56.46000000,56.38000000,56.45000000,114.82638000
2019-03-12 13:45:00,56.42000000,56.42000000,56.32000000,56.33000000,217.49254000
2019-03-12 13:46:00,56.35000000,56.37000000,56.35000000,56.37000000,222.83770000
2019-03-12 13:47:00,56.39000000,56.51000000,56.39000000,56.49000000,127.49048000
2019-03-12 13:48:00,56.49000000,56.51000000,56.49000000,56.50000000,375.95081000
2019-03-12 13:49:00,56.49000000,56.51000000,56.49000000,56.49000000,67.16008000
2019-03-12 13:50:00,56.48000000,56.48000000,56.41000000,56.44000000,87.21146000
2019-03-12 13:51:00,56.44000000,56.44000000,56.38000000,56.41000000,240.08066000
2019-03-12 13:52:00,56.41000000,56.44000000,56.40000000,56.42000000,719.48606000
2019-03-12 13:53:00,56.44000000,56.49000000,56.43000000,56.47000000,15.14385000
2019-03-12 13:54:00,56.47000000,56.49000000,56.45000000,56.48000000,15.50194000
2019-03-12 13:55:00,56.46000000,56.47000000,56.45000000,56.47000000,11.40272000
2019-03-12 13:56:00,56.47000000,56.47000000,56.47000000,56.47000000,0.21555000
2019-03-12 13:57:00,56.47000000,56.50000000,56.47000000,56.50000000,4.65800000
2019-03-12 13:58:00,56.50000000,56.51000000,56.50000000,56.51000000,18.26820000
2019-03-12 13:59:00,56.51000000,56.51000000,56.49000000,56.50000000,37.45100000
2019-03-12 14:00:00,56.51000000,56.51000000,56.48000000,56.48000000,13.53007000
2019-03-12 14:01:00,56.48000000,56.48000000,56.47000000,56.47000000,25.17753000
2019-03-12 14:02:00,56.46000000,56.46000000,56.43000000,56.45000000,178.96971000
2019-03-12 14:03:00,56.48000000,56.52000000,56.46000000,56.48000000,153.13422000
2019-03-12 14:04:00,56.48000000,56.49000000,56.47000000,56.49000000,70.76675000
2019-03-12 14:05:00,56.49000000,56.51000000,56.48000000,56.51000000,48.70252000
2019-03-12 14:06:00,56.52000000,56.55000000,56.48000000,56.48000000,166.48661000
2019-03-12 14:07:00,56.50000000,56.52000000,56.50000000,56.51000000,104.90291000
2019-03-12 14:08:00,56.51000000,56.51000000,56.50000000,56.50000000,79.10271000
2019-03-12 14:09:00,56.52000000,56.52000000,56.49000000,56.49000000,69.05887000
2019-03-12 14:10:00,56.49000000,56.53000000,56.49000000,56.52000000,99.45346000
2019-03-12 14:11:00,56.52000000,56.53000000,56.51000000,56.53000000,31.32000000
2019-03-12 14:12:00,56.50000000,56.50000000,56.49000000,56.49000000,19.46061000
2019-03-12 14:13:00,56.51000000,56.52000000,56.48000000,56.51000000,79.58709000
2019-03-12 14:14:00,56.50000000,56.51000000,56.48000000,56.48000000,270.76853000
2019-03-12 14:15:00,56.48000000,56.49000000,56.45000000,56.45000000,887.46404000
2019-03-12 14:16:00,56.45000000,56.45000000,56.42000000,56.42000000,85.12746000
2019-03-12 14:17:00,56.42000000,56.42000000,56.38000000,56.38000000,265.74112000
2019-03-12 14:18:00,56.36000000,56.38000000,56.34000000,56.38000000,235.65978000
2019-03-12 14:19:00,56.38000000,56.39000000,56.30000000,56.33000000,402.65846000
2019-03-12 14:20:00,56.32000000,56.32000000,56.16000000,56.21000000,591.06736000
2019-03-12 14:21:00,56.21000000,56.24000000,56.14000000,56.22000000,418.70217000
2019-03-12 14:22:00,56.22000000,56.30000000,56.22000000,56.30000000,41.12039000
2019-03-12 14:23:00,56.30000000,56.30000000,56.26000000,56.26000000,31.16754000
2019-03-12 14:24:00,56.26000000,56.26000000,56.10000000,56.10000000,98.49820000
2019-03-12 14:25:00,56.12000000,56.18000000,56.12000000,56.17000000,247.29708000
2019-03-12 14:26:00,56.19000000,56.25000000,56.16000000,56.16000000,190.04718000
2019-03-12 14:27:00,56.19000000,56.20000000,56.17000000,56.18000000,29.18126000
2019-03-12 14:28:00,56.18000000,56.22000000,56.14000000,56.21000000,97.13652000
2019-03-12 14:29:00,56.23000000,56.23000000,56.17000000,56.17000000,5.39707000
2019-03-12 14:30:00,56.18000000,56.19000000,56.12000000,56.14000000,147.17478000
2019-03-12 14:31:00,56.14000000,56.15000000,56.13000000,56.13000000,25.49871000
2019-03-12 14:32:00,56.13000000,56.24000000,56.13000000,56.20000000,71.43847000
2019-03-12 14:33:00,56.21000000,56.31000000,56.21000000,56.31000000,100.60726000
2019-03-12 14:34:00,56.31000000,56.31000000,56.31000000,56.31000000,16.72190000
2019-03-12 14:35:00,56.31000000,56.33000000,56.30000000,56.33000000,34.44324000
2019-03-12 14:36:00,56.34000000,56.37000000,56.34000000,56.37000000,68.33507000
2019-03-12 14:37:00,56.36000000,56.37000000,56.32000000,56.34000000,107.53894000
2019-03-12 14:38:00,56.34000000,56.34000000,56.31000000,56.31000000,79.52697000
2019-03-12 14:39:00,56.32000000,56.32000000,56.30000000,56.31000000,112.12992000
2019-03-12 14:40:00,56.31000000,56.36000000,56.31000000,56.36000000,19.36837000
2019-03-12 14:41:00,56.37000000,56.37000000,56.33000000,56.36000000,2.53760000
2019-03-12 14:42:00,56.34000000,56.39000000,56.34000000,56.39000000,18.84230000
2019-03-12 14:43:00,56.34000000,56.34000000,56.29000000,56.30000000,84.83711000
2019-03-12 14:44:00,56.30000000,56.32000000,56.30000000,56.30000000,9.59681000
2019-03-12 14:45:00,56.31000000,56.31000000,56.29000000,56.29000000,10.75000000
2019-03-12 14:46:00,56.32000000,56.35000000,56.31000000,56.35000000,66.44600000
2019-03-12 14:47:00,56.35000000,56.35000000,56.35000000,56.35000000,0.00000000
2019-03-12 14:48:00,56.31000000,56.31000000,56.30000000,56.30000000,74.67092000
2019-03-12 14:49:00,56.30000000,56.30000000,56.20000000,56.24000000,142.28670000
2019-03-12 14:50:00,56.22000000,56.23000000,56.20000000,56.22000000,112.45207000
2019-03-12 14:51:00,56.24000000,56.29000000,56.23000000,56.27000000,30.99915000
2019-03-12 14:52:00,56.27000000,56.27000000,56.25000000,56.26000000,13.25731000
2019-03-12 14:53:00,56.24000000,56.24000000,56.24000000,56.24000000,4.99991000
2019-03-12 14:54:00,56.26000000,56.26000000,56.24000000,56.24000000,150.34346000
2019-03-12 14:55:00,56.24000000,56.24000000,56.21000000,56.21000000,79.67363000
2019-03-12 14:56:00,56.21000000,56.27000000,56.19000000,56.26000000,57.09905000
2019-03-12 14:57:00,56.27000000,56.31000000,56.27000000,56.30000000,142.99985000
2019-03-12 14:58:00,56.30000000,56.36000000,56.30000000,56.36000000,42.68736000
2019-03-12 14:59:00,56.36000000,56.38000000,56.36000000,56.37000000,86.60469000
2019-03-12 15:00:00,56.38000000,56.39000000,56.37000000,56.39000000,11.96961000
2019-03-12 15:01:00,56.40000000,56.42000000,56.37000000,56.42000000,57.08868000
2019-03-12 15:02:00,56.40000000,56.42000000,56.39000000,56.41000000,20.33201000
2019-03-12 15:03:00,56.40000000,56.40000000,56.35000000,56.35000000,6.50487000
2019-03-12 15:04:00,56.41000000,56.41000000,56.39000000,56.41000000,97.59248000
2019-03-12 15:05:00,56.40000000,56.41000000,56.31000000,56.38000000,560.16756000
2019-03-12 15:06:00,56.37000000,56.47000000,56.32000000,56.47000000,281.92665000
2019-03-12 15:07:00,56.47000000,56.48000000,56.36000000,56.44000000,241.15468000
2019-03-12 15:08:00,56.44000000,56.45000000,56.42000000,56.45000000,52.14927000
2019-03-12 15:09:00,56.45000000,56.45000000,56.25000000,56.32000000,317.39100000
2019-03-12 15:10:00,56.32000000,56.32000000,56.28000000,56.28000000,118.67047000
2019-03-12 15:11:00,56.28000000,56.32000000,56.28000000,56.29000000,74.80018000
2019-03-12 15:12:00,56.29000000,56.30000000,56.26000000,56.30000000,267.96711000
2019-03-12 15:13:00,56.29000000,56.29000000,56.28000000,56.28000000,7.38765000
2019-03-12 15:14:00,56.29000000,56.29000000,56.27000000,56.27000000,18.32140000
2019-03-12 15:15:00,56.27000000,56.29000000,56.27000000,56.27000000,11.28859000
2019-03-12 15:16:00,56.26000000,56.27000000,56.23000000,56.25000000,118.37193000
2019-03-12 15:17:00,56.25000000,56.25000000,56.23000000,56.23000000,4.48563000
2019-03-12 15:18:00,56.23000000,56.23000000,56.21000000,56.21000000,43.92668000
2019-03-12 15:19:00,56.21000000,56.21000000,56.17000000,56.17000000,9.60154000
2019-03-12 15:20:00,56.19000000,56.21000000,56.18000000,56.21000000,42.27766000
2019-03-12 15:21:00,56.21000000,56.24000000,56.19000000,56.24000000,66.16781000
2019-03-12 15:22:00,56.24000000,56.24000000,56.22000000,56.22000000,15.13123000
2019-03-12 15:23:00,56.23000000,56.23000000,56.20000000,56.21000000,32.42184000
2019-03-12 15:24:00,56.20000000,56.21000000,56.15000000,56.16000000,112.07332000
2019-03-12 15:25:00,56.14000000,56.16000000,56.13000000,56.14000000,87.23947000
2019-03-12 15:26:00,56.16000000,56.24000000,56.16000000,56.22000000,214.03544000
2019-03-12 15:27:00,56.23000000,56.24000000,56.18000000,56.20000000,22.30469000
2019-03-12 15:28:00,56.21000000,56.24000000,56.20000000,56.23000000,48.02648000
2019-03-12 15:29:00,56.23000000,56.25000000,56.21000000,56.22000000,120.06709000
2019-03-12 15:30:00,56.22000000,56.22000000,56.21000000,56.21000000,7.20659000
2019-03-12 15:31:00,56.20000000,56.26000000,56.20000000,56.26000000,102.84108000
2019-03-12 15:32:00,56.26000000,56.26000000,56.22000000,56.22000000,96.63777000
2019-03-12 15:33:00,56.22000000,56.22000000,56.20000000,56.22000000,6.72175000
2019-03-12 15:34:00,56.21000000,56.21000000,56.15000000,56.16000000,34.63177000
2019-03-12 15:35:00,56.19000000,56.19000000,56.13000000,56.15000000,142.61925000
2019-03-12 15:36:00,56.13000000,56.15000000,56.12000000,56.14000000,588.32653000
2019-03-12 15:37:00,56.16000000,56.17000000,56.15000000,56.15000000,45.80743000
2019-03-12 15:38:00,56.15000000,56.19000000,56.15000000,56.17000000,142.83671000
2019-03-12 15:39:00,56.16000000,56.16000000,56.12000000,56.14000000,202.60984000
2019-03-12 15:40:00,56.14000000,56.17000000,56.14000000,56.17000000,40.58122000
2019-03-12 15:41:00,56.17000000,56.18000000,56.16000000,56.18000000,62.52660000
2019-03-12 15:42:00,56.18000000,56.18000000,56.14000000,56.14000000,26.20943000
2019-03-12 15:43:00,56.13000000,56.13000000,56.07000000,56.10000000,280.98898000
2019-03-12 15:44:00,56.11000000,56.12000000,56.10000000,56.12000000,64.06734000
2019-03-12 15:45:00,56.12000000,56.14000000,56.12000000,56.12000000,76.48318000
2019-03-12 15:46:00,56.12000000,56.12000000,56.10000000,56.10000000,4.63013000
2019-03-12 15:47:00,56.09000000,56.14000000,55.96000000,55.96000000,753.16579000
2019-03-12 15:48:00,55.96000000,55.99000000,55.87000000,55.94000000,601.65349000
2019-03-12 15:49:00,55.96000000,55.96000000,55.78000000,55.79000000,361.39576000
2019-03-12 15:50:00,55.79000000,55.93000000,55.72000000,55.87000000,1102.63732000
2019-03-12 15:51:00,55.86000000,55.90000000,55.85000000,55.87000000,273.93245000
2019-03-12 15:52:00,55.87000000,55.95000000,55.82000000,55.92000000,222.77410000
2019-03-12 15:53:00,55.91000000,55.96000000,55.91000000,55.96000000,96.09934000
2019-03-12 15:54:00,55.96000000,55.97000000,55.94000000,55.95000000,33.34017000
2019-03-12 15:55:00,55.94000000,55.95000000,55.88000000,55.89000000,136.19961000
2019-03-12 15:56:00,55.88000000,55.89000000,55.82000000,55.82000000,90.04543000
2019-03-12 15:57:00,55.82000000,55.83000000,55.82000000,55.83000000,80.62290000
2019-03-12 15:58:00,55.83000000,55.88000000,55.83000000,55.88000000,119.32740000
2019-03-12 15:59:00,55.88000000,55.92000000,55.86000000,55.92000000,93.08607000
2019-03-12 16:00:00,55.93000000,55.96000000,55.89000000,55.93000000,219.38791000
2019-03-12 16:01:00,55.91000000,55.96000000,55.90000000,55.90000000,287.79620000
2019-03-12 16:02:00,55.90000000,55.93000000,55.79000000,55.79000000,336.90129000
2019-03-12 16:03:00,55.79000000,55.82000000,55.68000000,55.69000000,838.10537000
2019-03-12 16:04:00,55.73000000,55.80000000,55.68000000,55.78000000,409.49941000
2019-03-12 16:05:00,55.78000000,55.85000000,55.76000000,55.84000000,417.67385000
2019-03-12 16:06:00,55.83000000,55.83000000,55.77000000,55.82000000,39.98195000
2019-03-12 16:07:00,55.81000000,55.89000000,55.81000000,55.89000000,80.06899000
2019-03-12 16:08:00,55.89000000,55.93000000,55.86000000,55.90000000,414.25155000
2019-03-12 16:09:00,55.88000000,55.88000000,55.82000000,55.82000000,49.26451000
2019-03-12 16:10:00,55.83000000,55.95000000,55.83000000,55.90000000,132.65269000
2019-03-12 16:11:00,55.91000000,56.15000000,55.91000000,56.12000000,965.71342000
2019-03-12 16:12:00,56.12000000,56.16000000,56.08000000,56.12000000,830.18424000
2019-03-12 16:13:00,56.12000000,56.18000000,56.10000000,56.17000000,532.53185000
2019-03-12 16:14:00,56.17000000,56.41000000,56.17000000,56.31000000,3136.74093000
2019-03-12 16:15:00,56.34000000,56.49000000,56.27000000,56.42000000,1755.61288000
2019-03-12 16:16:00,56.46000000,56.50000000,56.41000000,56.46000000,325.21105000
2019-03-12 16:17:00,56.48000000,56.57000000,56.32000000,56.36000000,540.19459000
2019-03-12 16:18:00,56.33000000,56.36000000,56.26000000,56.36000000,186.64524000
2019-03-12 16:19:00,56.39000000,56.52000000,56.38000000,56.47000000,460.11052000
2019-03-12 16:20:00,56.50000000,56.60000000,56.50000000,56.57000000,337.12449000
2019-03-12 16:21:00,56.54000000,56.59000000,56.51000000,56.55000000,275.78597000
2019-03-12 16:22:00,56.55000000,56.56000000,56.52000000,56.52000000,97.38429000
2019-03-12 16:23:00,56.52000000,56.55000000,56.47000000,56.50000000,165.20030000
2019-03-12 16:24:00,56.52000000,56.52000000,56.45000000,56.46000000,132.30448000
2019-03-12 16:25:00,56.48000000,56.49000000,56.48000000,56.49000000,73.69715000
2019-03-12 16:26:00,56.50000000,56.55000000,56.49000000,56.53000000,104.58977000
2019-03-12 16:27:00,56.53000000,56.62000000,56.53000000,56.61000000,383.97081000
2019-03-12 16:28:00,56.57000000,56.65000000,56.54000000,56.57000000,452.30223000
2019-03-12 16:29:00,56.57000000,56.59000000,56.57000000,56.57000000,172.21336000
2019-03-12 16:30:00,56.56000000,56.57000000,56.43000000,56.43000000,204.92471000
2019-03-12 16:31:00,56.43000000,56.47000000,56.42000000,56.42000000,78.23915000
2019-03-12 16:32:00,56.42000000,56.42000000,56.34000000,56.35000000,158.14653000
2019-03-12 16:33:00,56.37000000,56.37000000,56.31000000,56.31000000,177.82769000
2019-03-12 16:34:00,56.30000000,56.33000000,56.26000000,56.30000000,232.11630000
2019-03-12 16:35:00,56.33000000,56.39000000,56.31000000,56.38000000,317.04803000
2019-03-12 16:36:00,56.40000000,56.40000000,56.39000000,56.39000000,36.18091000
2019-03-12 16:37:00,56.40000000,56.42000000,56.38000000,56.42000000,58.66325000
2019-03-12 16:38:00,56.42000000,56.46000000,56.34000000,56.46000000,189.59759000
2019-03-12 16:39:00,56.49000000,56.60000000,56.49000000,56.59000000,751.69230000
2019-03-12 16:40:00,56.59000000,56.63000000,56.55000000,56.55000000,459.82443000
2019-03-12 16:41:00,56.53000000,56.53000000,56.43000000,56.45000000,447.37670000
2019-03-12 16:42:00,56.44000000,56.47000000,56.43000000,56.45000000,152.07119000
2019-03-12 16:43:00,56.42000000,56.42000000,56.33000000,56.35000000,133.10471000
2019-03-12 16:44:00,56.34000000,56.50000000,56.31000000,56.45000000,519.02586000
2019-03-12 16:45:00,56.46000000,56.60000000,56.45000000,56.51000000,264.90482000
2019-03-12 16:46:00,56.52000000,56.52000000,56.51000000,56.51000000,19.33588000
2019-03-12 16:47:00,56.49000000,56.50000000,56.47000000,56.48000000,25.77637000
2019-03-12 16:48:00,56.49000000,56.50000000,56.46000000,56.49000000,55.32184000
2019-03-12 16:49:00,56.49000000,56.52000000,56.40000000,56.52000000,2924.14766000
2019-03-12 16:50:00,56.53000000,56.53000000,56.48000000,56.49000000,82.21062000
2019-03-12 16:51:00,56.50000000,56.50000000,56.47000000,56.49000000,113.92436000
2019-03-12 16:52:00,56.49000000,56.50000000,56.48000000,56.50000000,119.21756000
2019-03-12 16:53:00,56.50000000,56.50000000,56.49000000,56.50000000,42.98600000
2019-03-12 16:54:00,56.51000000,56.51000000,56.51000000,56.51000000,42.84917000
2019-03-12 16:55:00,56.53000000,56.59000000,56.53000000,56.59000000,393.79039000
2019-03-12 16:56:00,56.59000000,56.60000000,56.57000000,56.58000000,393.67448000
2019-03-12 16:57:00,56.56000000,56.56000000,56.54000000,56.56000000,24.62278000
2019-03-12 16:58:00,56.56000000,56.58000000,56.54000000,56.57000000,62.84787000
2019-03-12 16:59:00,56.56000000,56.62000000,56.56000000,56.62000000,47.77512000
2019-03-12 17:00:00,56.59000000,56.59000000,56.45000000,56.45000000,1038.29170000
2019-03-12 17:01:00,56.46000000,56.46000000,56.39000000,56.39000000,23.27911000
2019-03-12 17:02:00,56.38000000,56.40000000,56.30000000,56.39000000,324.61994000
2019-03-12 17:03:00,56.39000000,56.45000000,56.39000000,56.45000000,68.94666000
2019-03-12 17:04:00,56.45000000,56.47000000,56.42000000,56.42000000,60.48607000
2019-03-12 17:05:00,56.41000000,56.41000000,56.35000000,56.35000000,215.45131000
2019-03-12 17:06:00,56.36000000,56.36000000,56.34000000,56.34000000,12.06626000
2019-03-12 17:07:00,56.36000000,56.36000000,56.36000000,56.36000000,26.79000000
2019-03-12 17:08:00,56.37000000,56.41000000,56.37000000,56.39000000,48.36217000
2019-03-12 17:09:00,56.39000000,56.42000000,56.39000000,56.42000000,60.46024000
2019-03-12 17:10:00,56.42000000,56.42000000,56.30000000,56.38000000,287.88709000
2019-03-12 17:11:00,56.38000000,56.38000000,56.38000000,56.38000000,2.00000000
2019-03-12 17:12:00,56.38000000,56.38000000,56.35000000,56.35000000,125.20618000
2019-03-12 17:13:00,56.36000000,56.36000000,56.33000000,56.36000000,61.83480000
2019-03-12 17:14:00,56.34000000,56.36000000,56.34000000,56.35000000,60.44272000
2019-03-12 17:15:00,56.35000000,56.48000000,56.35000000,56.48000000,248.52928000
2019-03-12 17:16:00,56.47000000,56.47000000,56.31000000,56.45000000,342.57279000
2019-03-12 17:17:00,56.45000000,56.48000000,56.45000000,56.48000000,36.17498000
2019-03-12 17:18:00,56.48000000,56.48000000,56.45000000,56.46000000,11.48224000
2019-03-12 17:19:00,56.46000000,56.50000000,56.46000000,56.49000000,49.90754000
2019-03-12 17:20:00,56.51000000,56.51000000,56.47000000,56.49000000,276.35891000
2019-03-12 17:21:00,56.49000000,56.49000000,56.48000000,56.49000000,149.14261000
2019-03-12 17:22:00,56.51000000,56.51000000,56.47000000,56.47000000,243.27217000
2019-03-12 17:23:00,56.47000000,56.47000000,56.33000000,56.36000000,102.62373000
2019-03-12 17:24:00,56.34000000,56.37000000,56.32000000,56.37000000,99.14140000
2019-03-12 17:25:00,56.37000000,56.41000000,56.37000000,56.39000000,25.48664000
2019-03-12 17:26:00,56.41000000,56.42000000,56.38000000,56.42000000,75.51374000
2019-03-12 17:27:00,56.43000000,56.50000000,56.42000000,56.50000000,345.89682000
2019-03-12 17:28:00,56.50000000,56.50000000,56.50000000,56.50000000,0.88495000
2019-03-12 17:29:00,56.47000000,56.47000000,56.39000000,56.40000000,90.79013000
2019-03-12 17:30:00,56.39000000,56.43000000,56.36000000,56.36000000,144.72340000
2019-03-12 17:31:00,56.39000000,56.39000000,56.32000000,56.33000000,162.93167000
2019-03-12 17:32:00,56.31000000,56.35000000,56.28000000,56.32000000,48.29501000
2019-03-12 17:33:00,56.30000000,56.35000000,56.30000000,56.35000000,162.28613000
2019-03-12 17:34:00,56.34000000,56.35000000,56.32000000,56.32000000,82.67813000
2019-03-12 17:35:00,56.32000000,56.46000000,56.31000000,56.45000000,493.49542000
2019-03-12 17:36:00,56.45000000,56.49000000,56.38000000,56.45000000,125.16731000
2019-03-12 17:37:00,56.46000000,56.47000000,56.39000000,56.39000000,147.99766000
2019-03-12 17:38:00,56.39000000,56.45000000,56.39000000,56.45000000,34.56941000
2019-03-12 17:39:00,56.44000000,56.47000000,56.42000000,56.44000000,39.37914000
2019-03-12 17:40:00,56.44000000,56.48000000,56.44000000,56.45000000,38.70144000
2019-03-12 17:41:00,56.46000000,56.47000000,56.45000000,56.45000000,12.89624000
2019-03-12 17:42:00,56.44000000,56.44000000,56.37000000,56.44000000,80.61281000
2019-03-12 17:43:00,56.43000000,56.51000000,56.40000000,56.45000000,252.81488000
2019-03-12 17:44:00,56.44000000,56.47000000,56.38000000,56.38000000,43.27122000
2019-03-12 17:45:00,56.40000000,56.43000000,56.36000000,56.40000000,25.54998000
2019-03-12 17:46:00,56.40000000,56.42000000,56.35000000,56.38000000,114.72145000
2019-03-12 17:47:00,56.38000000,56.39000000,56.38000000,56.39000000,8.86070000
2019-03-12 17:48:00,56.39000000,56.39000000,56.38000000,56.38000000,24.59544000
2019-03-12 17:49:00,56.38000000,56.38000000,56.29000000,56.30000000,453.38249000
2019-03-12 17:50:00,56.35000000,56.36000000,56.34000000,56.34000000,37.97486000
2019-03-12 17:51:00,56.35000000,56.36000000,56.35000000,56.36000000,28.07578000
2019-03-12 17:52:00,56.34000000,56.35000000,56.34000000,56.35000000,30.21348000
2019-03-12 17:53:00,56.34000000,56.34000000,56.30000000,56.34000000,212.54527000
2019-03-12 17:54:00,56.34000000,56.35000000,56.34000000,56.35000000,2.25609000
2019-03-12 17:55:00,56.35000000,56.35000000,56.35000000,56.35000000,11.00000000
2019-03-12 17:56:00,56.36000000,56.38000000,56.34000000,56.34000000,223.27920000
2019-03-12 17:57:00,56.35000000,56.38000000,56.35000000,56.38000000,86.43855000
2019-03-12 17:58:00,56.36000000,56.39000000,56.35000000,56.35000000,64.20849000
2019-03-12 17:59:00,56.35000000,56.37000000,56.34000000,56.37000000,7.27551000
2019-03-12 18:00:00,56.36000000,56.39000000,56.35000000,56.39000000,51.68068000
2019-03-12 18:01:00,56.41000000,56.43000000,56.40000000,56.41000000,69.79663000
2019-03-12 18:02:00,56.41000000,56.41000000,56.41000000,56.41000000,0.00000000
2019-03-12 18:03:00,56.41000000,56.41000000,56.41000000,56.41000000,3.54000000
2019-03-12 18:04:00,56.43000000,56.49000000,56.43000000,56.48000000,122.91302000
2019-03-12 18:05:00,56.44000000,56.47000000,56.44000000,56.44000000,4.76035000
2019-03-12 18:06:00,56.45000000,56.45000000,56.43000000,56.44000000,24.38097000
2019-03-12 18:07:00,56.44000000,56.45000000,56.44000000,56.45000000,78.16242000
2019-03-12 18:08:00,56.45000000,56.45000000,56.37000000,56.40000000,382.85155000
2019-03-12 18:09:00,56.40000000,56.40000000,56.37000000,56.38000000,8.47572000
2019-03-12 18:10:00,56.39000000,56.40000000,56.39000000,56.40000000,5.08000000
2019-03-12 18:11:00,56.40000000,56.40000000,56.40000000,56.40000000,91.80590000
2019-03-12 18:12:00,56.40000000,56.40000000,56.38000000,56.38000000,15.70072000
2019-03-12 18:13:00,56.38000000,56.39000000,56.38000000,56.39000000,47.16476000
2019-03-12 18:14:00,56.40000000,56.41000000,56.40000000,56.41000000,25.88717000
2019-03-12 18:15:00,56.41000000,56.41000000,56.40000000,56.40000000,40.08553000
2019-03-12 18:16:00,56.40000000,56.40000000,56.40000000,56.40000000,2.48081000
2019-03-12 18:17:00,56.40000000,56.41000000,56.39000000,56.39000000,8.03301000
2019-03-12 18:18:00,56.40000000,56.41000000,56.39000000,56.41000000,76.32888000
2019-03-12 18:19:00,56.41000000,56.41000000,56.39000000,56.41000000,18.11286000
2019-03-12 18:20:00,56.41000000,56.43000000,56.41000000,56.43000000,27.83443000
2019-03-12 18:21:00,56.43000000,56.43000000,56.41000000,56.41000000,23.65379000
2019-03-12 18:22:00,56.41000000,56.42000000,56.35000000,56.41000000,235.67747000
2019-03-12 18:23:00,56.39000000,56.42000000,56.36000000,56.36000000,19.98587000
2019-03-12 18:24:00,56.35000000,56.35000000,56.34000000,56.34000000,21.73451000
2019-03-12 18:25:00,56.34000000,56.34000000,56.32000000,56.34000000,12.44076000
2019-03-12 18:26:00,56.33000000,56.34000000,56.33000000,56.33000000,240.44364000
2019-03-12 18:27:00,56.34000000,56.34000000,56.34000000,56.34000000,5.76803000
2019-03-12 18:28:00,56.34000000,56.34000000,56.34000000,56.34000000,2.65739000
2019-03-12 18:29:00,56.33000000,56.33000000,56.31000000,56.32000000,10.44881000
2019-03-12 18:30:00,56.31000000,56.31000000,56.31000000,56.31000000,0.47914000
2019-03-12 18:31:00,56.31000000,56.31000000,56.25000000,56.27000000,474.06202000
2019-03-12 18:32:00,56.26000000,56.26000000,56.25000000,56.25000000,46.71692000
2019-03-12 18:33:00,56.26000000,56.26000000,56.25000000,56.25000000,24.56024000
2019-03-12 18:34:00,56.25000000,56.25000000,56.16000000,56.20000000,224.39612000
2019-03-12 18:35:00,56.19000000,56.21000000,56.19000000,56.21000000,21.60133000
2019-03-12 18:36:00,56.21000000,56.24000000,56.21000000,56.24000000,15.19304000
2019-03-12 18:37:00,56.24000000,56.25000000,56.21000000,56.21000000,43.19667000
2019-03-12 18:38:00,56.20000000,56.20000000,56.19000000,56.20000000,22.85000000
2019-03-12 18:39:00,56.20000000,56.20000000,56.17000000,56.17000000,8.54499000
2019-03-12 18:40:00,56.17000000,56.18000000,56.17000000,56.18000000,10.78113000
2019-03-12 18:41:00,56.18000000,56.18000000,56.17000000,56.18000000,8.78174000
2019-03-12 18:42:00,56.18000000,56.21000000,56.18000000,56.21000000,20.18258000
2019-03-12 18:43:00,56.21000000,56.23000000,56.21000000,56.21000000,9.05894000
2019-03-12 18:44:00,56.22000000,56.26000000,56.20000000,56.24000000,41.28508000
2019-03-12 18:45:00,56.24000000,56.29000000,56.24000000,56.29000000,90.62729000
2019-03-12 18:46:00,56.28000000,56.28000000,56.24000000,56.24000000,143.13364000
2019-03-12 18:47:00,56.26000000,56.26000000,56.25000000,56.25000000,1.20571000
2019-03-12 18:48:00,56.26000000,56.26000000,56.23000000,56.25000000,33.48778000
2019-03-12 18:49:00,56.24000000,56.28000000,56.20000000,56.24000000,100.24609000
2019-03-12 18:50:00,56.20000000,56.21000000,56.15000000,56.20000000,79.14360000
2019-03-12 18:51:00,56.20000000,56.22000000,56.20000000,56.22000000,18.57663000
2019-03-12 18:52:00,56.21000000,56.21000000,56.19000000,56.19000000,7.61801000
2019-03-12 18:53:00,56.19000000,56.21000000,56.19000000,56.21000000,4.69263000
2019-03-12 18:54:00,56.20000000,56.21000000,56.19000000,56.19000000,12.53553000
2019-03-12 18:55:00,56.18000000,56.18000000,56.14000000,56.17000000,93.52751000
2019-03-12 18:56:00,56.17000000,56.20000000,56.17000000,56.20000000,90.87368000
2019-03-12 18:57:00,56.20000000,56.21000000,56.20000000,56.21000000,22.57125000
2019-03-12 18:58:00,56.20000000,56.20000000,56.20000000,56.20000000,12.18140000
2019-03-12 18:59:00,56.17000000,56.19000000,56.16000000,56.18000000,20.41044000
2019-03-12 19:00:00,56.18000000,56.20000000,56.14000000,56.20000000,103.28116000
2019-03-12 19:01:00,56.20000000,56.20000000,56.20000000,56.20000000,20.70277000
2019-03-12 19:02:00,56.21000000,56.22000000,56.20000000,56.21000000,11.34564000
2019-03-12 19:03:00,56.22000000,56.26000000,56.22000000,56.24000000,96.90703000
2019-03-12 19:04:00,56.25000000,56.26000000,56.23000000,56.26000000,15.74374000
2019-03-12 19:05:00,56.23000000,56.25000000,56.23000000,56.24000000,8.78234000
2019-03-12 19:06:00,56.25000000,56.25000000,56.25000000,56.25000000,1.94776000
2019-03-12 19:07:00,56.25000000,56.25000000,56.25000000,56.25000000,1.36000000
2019-03-12 19:08:00,56.25000000,56.25000000,56.24000000,56.24000000,0.00471000
2019-03-12 19:09:00,56.23000000,56.26000000,56.21000000,56.22000000,110.50006000
2019-03-12 19:10:00,56.22000000,56.25000000,56.21000000,56.21000000,38.09233000
2019-03-12 19:11:00,56.23000000,56.28000000,56.22000000,56.24000000,106.59055000
2019-03-12 19:12:00,56.24000000,56.24000000,56.22000000,56.22000000,93.85672000
2019-03-12 19:13:00,56.22000000,56.22000000,56.22000000,56.22000000,20.91918000
2019-03-12 19:14:00,56.21000000,56.22000000,56.20000000,56.20000000,171.42212000
2019-03-12 19:15:00,56.20000000,56.20000000,56.18000000,56.18000000,16.76500000
2019-03-12 19:16:00,56.19000000,56.27000000,56.17000000,56.26000000,300.88424000
2019-03-12 19:17:00,56.28000000,56.32000000,56.17000000,56.25000000,317.60622000
2019-03-12 19:18:00,56.22000000,56.22000000,56.18000000,56.18000000,47.43724000
2019-03-12 19:19:00,56.18000000,56.18000000,56.13000000,56.17000000,173.02131000
2019-03-12 19:20:00,56.14000000,56.19000000,56.13000000,56.16000000,168.26030000
2019-03-12 19:21:00,56.18000000,56.26000000,56.18000000,56.24000000,52.85654000
2019-03-12 19:22:00,56.25000000,56.42000000,56.25000000,56.26000000,559.72641000
2019-03-12 19:23:00,56.26000000,56.35000000,56.21000000,56.25000000,417.41538000
2019-03-12 19:24:00,56.25000000,56.25000000,56.13000000,56.17000000,209.49823000
2019-03-12 19:25:00,56.17000000,56.20000000,56.17000000,56.20000000,11.38109000
2019-03-12 19:26:00,56.18000000,56.18000000,56.13000000,56.13000000,4.82443000
2019-03-12 19:27:00,56.16000000,56.16000000,56.14000000,56.14000000,3.59857000
2019-03-12 19:28:00,56.14000000,56.14000000,56.08000000,56.09000000,48.86418000
2019-03-12 19:29:00,56.07000000,56.10000000,56.07000000,56.10000000,23.92837000
2019-03-12 19:30:00,56.11000000,56.11000000,56.07000000,56.10000000,22.58679000
2019-03-12 19:31:00,56.08000000,56.08000000,56.03000000,56.05000000,137.26852000
2019-03-12 19:32:00,56.05000000,56.12000000,56.05000000,56.10000000,51.15354000
2019-03-12 19:33:00,56.11000000,56.14000000,56.11000000,56.14000000,29.78937000
2019-03-12 19:34:00,56.14000000,56.14000000,56.14000000,56.14000000,0.00000000
2019-03-12 19:35:00,56.13000000,56.13000000,56.09000000,56.12000000,16.36365000
2019-03-12 19:36:00,56.12000000,56.23000000,56.12000000,56.20000000,340.37474000
2019-03-12 19:37:00,56.19000000,56.25000000,56.19000000,56.25000000,64.50398000
2019-03-12 19:38:00,56.21000000,56.25000000,56.19000000,56.25000000,25.21761000
2019-03-12 19:39:00,56.24000000,56.24000000,56.19000000,56.23000000,27.74440000
2019-03-12 19:40:00,56.20000000,56.23000000,56.20000000,56.21000000,53.68514000
2019-03-12 19:41:00,56.23000000,56.23000000,56.21000000,56.21000000,12.34240000
2019-03-12 19:42:00,56.21000000,56.23000000,56.21000000,56.22000000,9.83680000
2019-03-12 19:43:00,56.23000000,56.23000000,56.23000000,56.23000000,1.73000000
2019-03-12 19:44:00,56.22000000,56.23000000,56.21000000,56.23000000,20.63148000
2019-03-12 19:45:00,56.22000000,56.23000000,56.22000000,56.23000000,4.14522000
2019-03-12 19:46:00,56.23000000,56.26000000,56.23000000,56.26000000,88.16231000
2019-03-12 19:47:00,56.26000000,56.28000000,56.25000000,56.27000000,23.64429000
2019-03-12 19:48:00,56.27000000,56.28000000,56.27000000,56.28000000,45.24000000
2019-03-12 19:49:00,56.29000000,56.29000000,56.27000000,56.27000000,8.67690000
2019-03-12 19:50:00,56.28000000,56.28000000,56.28000000,56.28000000,761.65101000
2019-03-12 19:51:00,56.27000000,56.28000000,56.18000000,56.18000000,325.51978000
2019-03-12 19:52:00,56.18000000,56.21000000,56.17000000,56.21000000,85.62763000
2019-03-12 19:53:00,56.20000000,56.20000000,56.20000000,56.20000000,0.74494000
2019-03-12 19:54:00,56.20000000,56.23000000,56.20000000,56.23000000,5.78750000
2019-03-12 19:55:00,56.21000000,56.23000000,56.21000000,56.23000000,43.51286000
2019-03-12 19:56:00,56.24000000,56.24000000,56.24000000,56.24000000,1.19669000
2019-03-12 19:57:00,56.26000000,56.26000000,56.25000000,56.25000000,5.20003000
2019-03-12 19:58:00,56.24000000,56.29000000,56.24000000,56.25000000,30.44853000
2019-03-12 19:59:00,56.28000000,56.30000000,56.22000000,56.24000000,147.53324000
2019-03-12 20:00:00,56.29000000,56.32000000,56.26000000,56.32000000,106.53347000
2019-03-12 20:01:00,56.33000000,56.34000000,56.27000000,56.34000000,220.85918000
2019-03-12 20:02:00,56.35000000,56.42000000,56.28000000,56.29000000,103.82806000
2019-03-12 20:03:00,56.27000000,56.33000000,56.27000000,56.31000000,32.92875000
2019-03-12 20:04:00,56.33000000,56.37000000,56.32000000,56.37000000,8.58872000
2019-03-12 20:05:00,56.36000000,56.36000000,56.33000000,56.33000000,5.85774000
2019-03-12 20:06:00,56.34000000,56.39000000,56.34000000,56.36000000,29.39569000
2019-03-12 20:07:00,56.36000000,56.39000000,56.36000000,56.39000000,4.39662000
2019-03-12 20:08:00,56.39000000,56.40000000,56.33000000,56.33000000,29.73489000
2019-03-12 20:09:00,56.33000000,56.41000000,56.33000000,56.39000000,64.03023000
2019-03-12 20:10:00,56.38000000,56.40000000,56.38000000,56.38000000,3.31596000
2019-03-12 20:11:00,56.40000000,56.41000000,56.34000000,56.34000000,11.76687000
2019-03-12 20:12:00,56.36000000,56.36000000,56.34000000,56.34000000,13.21382000
2019-03-12 20:13:00,56.33000000,56.38000000,56.33000000,56.38000000,16.14929000
2019-03-12 20:14:00,56.36000000,56.36000000,56.36000000,56.36000000,2.80035000
2019-03-12 20:15:00,56.38000000,56.40000000,56.38000000,56.38000000,86.02822000
2019-03-12 20:16:00,56.39000000,56.39000000,56.39000000,56.39000000,13.41418000
2019-03-12 20:17:00,56.39000000,56.40000000,56.39000000,56.40000000,102.27629000
2019-03-12 20:18:00,56.42000000,56.56000000,56.42000000,56.52000000,822.70966000
2019-03-12 20:19:00,56.52000000,56.53000000,56.42000000,56.43000000,54.48385000
2019-03-12 20:20:00,56.45000000,56.45000000,56.37000000,56.38000000,252.87312000
2019-03-12 20:21:00,56.38000000,56.38000000,56.35000000,56.35000000,77.57972000
2019-03-12 20:22:00,56.32000000,56.43000000,56.32000000,56.43000000,11.55995000
2019-03-12 20:23:00,56.43000000,56.52000000,56.43000000,56.48000000,198.48260000
2019-03-12 20:24:00,56.48000000,56.53000000,56.41000000,56.41000000,71.86084000
2019-03-12 20:25:00,56.41000000,56.44000000,56.41000000,56.42000000,2.78543000
2019-03-12 20:26:00,56.41000000,56.43000000,56.32000000,56.32000000,20.48651000
2019-03-12 20:27:00,56.35000000,56.38000000,56.35000000,56.38000000,17.08860000
2019-03-12 20:28:00,56.38000000,56.45000000,56.38000000,56.45000000,27.89005000
2019-03-12 20:29:00,56.45000000,56.48000000,56.45000000,56.48000000,5.62010000
2019-03-12 20:30:00,56.48000000,56.53000000,56.40000000,56.40000000,448.79831000
2019-03-12 20:31:00,56.44000000,56.47000000,56.44000000,56.44000000,22.87606000
2019-03-12 20:32:00,56.44000000,56.44000000,56.44000000,56.44000000,0.00000000
2019-03-12 20:33:00,56.41000000,56.43000000,56.39000000,56.43000000,3.40273000
2019-03-12 20:34:00,56.41000000,56.42000000,56.40000000,56.42000000,2.31316000
2019-03-12 20:35:00,56.41000000,56.43000000,56.35000000,56.35000000,51.87243000
2019-03-12 20:36:00,56.35000000,56.35000000,56.32000000,56.32000000,78.85514000
2019-03-12 20:37:00,56.32000000,56.33000000,56.32000000,56.33000000,14.08875000
2019-03-12 20:38:00,56.33000000,56.33000000,56.33000000,56.33000000,24.31119000
2019-03-12 20:39:00,56.33000000,56.33000000,56.32000000,56.32000000,12.38708000
2019-03-12 20:40:00,56.32000000,56.33000000,56.32000000,56.32000000,15.61268000
2019-03-12 20:41:00,56.33000000,56.34000000,56.33000000,56.34000000,4.24563000
2019-03-12 20:42:00,56.35000000,56.40000000,56.35000000,56.38000000,9.88729000
2019-03-12 20:43:00,56.38000000,56.42000000,56.38000000,56.40000000,17.38514000
2019-03-12 20:44:00,56.38000000,56.38000000,56.38000000,56.38000000,0.35454000
2019-03-12 20:45:00,56.34000000,56.34000000,56.34000000,56.34000000,1.02000000
2019-03-12 20:46:00,56.37000000,56.37000000,56.35000000,56.35000000,22.85311000
2019-03-12 20:47:00,56.35000000,56.37000000,56.33000000,56.36000000,73.21590000
2019-03-12 20:48:00,56.37000000,56.41000000,56.37000000,56.41000000,36.30593000
2019-03-12 20:49:00,56.41000000,56.41000000,56.41000000,56.41000000,0.00000000
2019-03-12 20:50:00,56.37000000,56.37000000,56.37000000,56.37000000,15.99000000
2019-03-12 20:51:00,56.37000000,56.37000000,56.37000000,56.37000000,2.69467000
2019-03-12 20:52:00,56.36000000,56.36000000,56.35000000,56.35000000,39.55720000
2019-03-12 20:53:00,56.35000000,56.35000000,56.35000000,56.35000000,0.00000000
2019-03-12 20:54:00,56.35000000,56.35000000,56.35000000,56.35000000,33.21200000
2019-03-12 20:55:00,56.37000000,56.37000000,56.37000000,56.37000000,5.39904000
2019-03-12 20:56:00,56.37000000,56.40000000,56.37000000,56.38000000,31.44594000
2019-03-12 20:57:00,56.38000000,56.40000000,56.38000000,56.40000000,45.87873000
2019-03-12 20:58:00,56.40000000,56.40000000,56.40000000,56.40000000,0.00000000
2019-03-12 20:59:00,56.40000000,56.43000000,56.40000000,56.42000000,31.56765000
2019-03-12 21:00:00,56.42000000,56.42000000,56.42000000,56.42000000,1.14000000
2019-03-12 21:01:00,56.43000000,56.52000000,56.42000000,56.47000000,217.24567000
2019-03-12 21:02:00,56.46000000,56.50000000,56.46000000,56.46000000,3.79938000
2019-03-12 21:03:00,56.43000000,56.45000000,56.36000000,56.39000000,132.99648000
2019-03-12 21:04:00,56.41000000,56.45000000,56.41000000,56.45000000,32.03893000
2019-03-12 21:05:00,56.44000000,56.50000000,56.44000000,56.45000000,36.16869000
2019-03-12 21:06:00,56.46000000,56.53000000,56.44000000,56.47000000,324.42400000
2019-03-12 21:07:00,56.48000000,56.50000000,56.45000000,56.45000000,77.98812000
2019-03-12 21:08:00,56.44000000,56.44000000,56.41000000,56.41000000,37.17500000
2019-03-12 21:09:00,56.41000000,56.41000000,56.39000000,56.39000000,3.20909000
2019-03-12 21:10:00,56.41000000,56.41000000,56.41000000,56.41000000,1.91000000
2019-03-12 21:11:00,56.39000000,56.39000000,56.36000000,56.36000000,183.70900000
2019-03-12 21:12:00,56.36000000,56.36000000,56.36000000,56.36000000,4.03000000
2019-03-12 21:13:00,56.37000000,56.37000000,56.37000000,56.37000000,8.61000000
2019-03-12 21:14:00,56.38000000,56.38000000,56.36000000,56.37000000,132.78507000
2019-03-12 21:15:00,56.37000000,56.38000000,56.37000000,56.38000000,158.72410000
2019-03-12 21:16:00,56.38000000,56.38000000,56.38000000,56.38000000,0.00000000
2019-03-12 21:17:00,56.37000000,56.38000000,56.36000000,56.38000000,10.66181000
2019-03-12 21:18:00,56.39000000,56.40000000,56.39000000,56.40000000,9.03556000
2019-03-12 21:19:00,56.38000000,56.40000000,56.38000000,56.40000000,15.39678000
2019-03-12 21:20:00,56.38000000,56.38000000,56.36000000,56.37000000,166.40594000
2019-03-12 21:21:00,56.36000000,56.36000000,56.36000000,56.36000000,6.65679000
2019-03-12 21:22:00,56.39000000,56.39000000,56.34000000,56.37000000,25.93897000
2019-03-12 21:23:00,56.37000000,56.37000000,56.37000000,56.37000000,28.23000000
2019-03-12 21:24:00,56.38000000,56.41000000,56.35000000,56.41000000,59.33500000
2019-03-12 21:25:00,56.41000000,56.41000000,56.41000000,56.41000000,0.00000000
2019-03-12 21:26:00,56.40000000,56.40000000,56.40000000,56.40000000,7.87240000
2019-03-12 21:27:00,56.41000000,56.41000000,56.39000000,56.39000000,30.70448000
2019-03-12 21:28:00,56.39000000,56.39000000,56.39000000,56.39000000,17.93000000
2019-03-12 21:29:00,56.39000000,56.39000000,56.34000000,56.34000000,47.55960000
2019-03-12 21:30:00,56.37000000,56.37000000,56.34000000,56.34000000,4.39052000
2019-03-12 21:31:00,56.34000000,56.37000000,56.34000000,56.37000000,9.52556000
